school_id,school_address,school_address_2,school_city,school_state,school_zip
4041,330 E. 93rd Street,,Los Angelos,CA,90003
4042,1749 Williamson Valley Rd,,Prescott,AZ,86305
4043,220 Jefferson Ave,,Cresskill,NJ,7626
4044,315 Hillside Ave.,,Demarest,NJ,7627
4045,4920 Strathmore Ave.,,Kensington,MD,20895
4046,3420 N. 78th St.,,Omaha,NE,68134
4047,3900 Agnes St.,,Lynwood,CA,90262
4048,768 S Maple,,Avoca,IA,51521
4049,25 Gerada Lane,,New Rochelle,NY,10804
4050,1400 21st,,Brodhead,WI,53520
4051,800 Odelia Rd. NE,,Albuquerque,NM,87102
4052,1810 Young St.,,Cincinnati,OH,45202
4053,22882 Loumont,,Lake Forest,CA,92630
4054,111 E. 164th St.,,Bronx,NY,10452
4055,915 W. Main St.,,Middletown,RI,2842
4056,121 Eel River Ave.,,Logansport,IN,46947
4057,139 West Rocks Rd.,,Norwalk,CT,6851
4058,10900 W. Oakland Park Blvd.,,Sunrise,FL,33351
4059,419 Sixth Avenue,,Antigo,WI,54409
4060,7777 Osage Plaza Pkwy.,,Dallas,TX,75252
4061,8939 Montgomery Rd.,,Cincinnati,OH,45236
4062,810 S. Oak Avenue,,Sanford,FL,32771
4063,616 Sedgwick Street,,Cumberland,MD,21502
4064,1103 40th Street,,Rock Island,IL,61201
4065,5620 Old US Hwy 11E,,Morristown,TN,37814
4066,75 Laurel Rd.,,Hamden,CT,6517
4067,116 Romney Ave.,,South San Francisco,CA,94080
4068,17500 Church St. PO Box 278,,Alva,FL,33920
4069,396980 W. 2400 Rd.,,Bartlesville,OK,74003
4070,200 Boone Dr.,,Douglassvile,PA,19518
4071,100 Ohman Ave.,,Orange,CT,6477
4072,100 Ohman Avenue,,Orange,CT,6477
4073,2025 Church Rd.,,Wyncote,PA,19095
4074,400 Garfield SW,,Bondurant,IA,50035
4075,13072 County Line Rd,,Andrews,SC,29510
4076,13072 County Line Road,,Andrews,SC,29510
4077,2315 A&M Avenue,,San Angelo,TX,76904
4078,389 Green Street,,Lockport,NY,14094
4079,3150 Spain Rd.,,Snellville,GA,30039
4080,600 E Canal St.,,Ansonia,OH,46303
4081,1133 N. Main St.,,Antioch,IL,60002
4082,340 N. Main St.,,Greensburg,PA,15601
4083,315 S. 11th Street,,LaCrosse,WI,54601
4084,1920 Highland Ave.,,Augusta,GA,30904
4085,1755 Shady Grove Rd.,,Pickens,SC,29671
4086,450 S. Avenue A,,Aransas Pass,TX,78336
4087,10300 SW 167th Ave.,,Miami,FL,33196
4088,1 Holy Cross Blvd,,Akron,OH,44306
4089,1 Holy Cross Blvd.,,Akron,OH,44306
4090,1 Holy Cross Blvd.,,Akron,OH,44306
4091,83-53 Manton Street,,Briarwood,NY,11435
4092,175 Phelan Ave.,,San Francisco,CA,94112
4093,175 phelan ave,,san francisco,CA,94949
4094,4600 Lynnbrook Dr.,,Louisville,KY,40220
4095,377 Mizpah Rd.,,Rockingham,NC,28379
4096,1020 W. Central Park,,Davenport,IA,52804
4097,9183 Broadview Rd.,,Broadview Hts.,OH,44147
4098,1420 Athens Dr.,,Raleigh,NC,27606
4099,1217 Centerville Tpke. N,,Chesapeake,VA,23320-3025
4100,1001 State St.,,Augusta,KS,67010
4101,285 Flowing Wells Rd.,,Martinez,GA,30907
4102,9056 E. Parker Rd.,,Parker,CO,80138
4103,30 South Drive,,Babbitt,MN,55706
4104,CBN Qtrs.,,Nigeria,ND,Abuja
4105,1 Rooney Road,,Ludlow,MA,1056
4106,561 Ward St.,,Newton Centre,MA,2459
4107,3333 Bernard St.,,Bakersfield,CA,93306
4108,751 S. Eagle Valley Rd.,,Wingate,PA,16823-4740
4109,1201 Draper St.,,Baraboo,WI,53913
4110,RR2 Box 2402,,Cresco,PA,18326
4111,223 Chittenden Road,,Chittenden,VT,5737
4112,701 W. Schick Rd.,,Bartlett,IL,60103
4113,701 Schick Rd,,Bartlett,IL,60103
4114,3909 S. MacDill Ave.,,Tampa,FL,33629
4115,834 Leonardville Rd.,,Leonardo,NJ,7737
4116,1901 DeGroodt Rd. SE,,Palm Bay,FL,32908
4117,7707 Bayway Dr.,,Baytown,TX,77520
4118,10 Kirk Rd.,,Hamden,CT,6514
4119,5200 South Fry Rd.,,Katy,TX,77450
4120,1325 9th St SE,,Dyersville,IA,52040
4121,4330 Morningside Drive,,Lynchburg,VA,24503
4122,1101 N 18th,,Norfolk,NE,68702
4123,28525 La Piedra,,Menifee,CA,92584
4124,256 Anderson Ave.,,Bellmawr,NJ,8031
4125,N81 W14701 Franklin Dr.,,Menomonee Falls,WI,53051
4126,840 North Broad St.,,Elizabeth,NJ,7208
4127,6502 seawright drive,,savannah,GA,31406
4128,3450 Benjamin E. Mays Dr.,,Atlanta,GA,30331
4129,1116 Jefferson Ave.,,New Orleans,LA,70115
4130,204 N. Cox,,Benton,AR,72015
4131,4811 Kelly Rd.,,Tampa,FL,33615
4132,555 7th Avenue,,Granite Falls,MN,56241
4133,14746 NW Yellowberry Way,,Portland,OR,97229
4134,326 S. Cassingham Rd.,,Bexley,OH,43209
4135,2700 Morange Rd.,,Pittsburg,PA,15205
4136,1300 E. Washington Center Rd.,,Ft. Wayne,IN,46825
4137,70 Holcott Dr.,,Attleboro,MA,2703
4138,32000 Campbell Rd,,Madison Heights,MI,48071
4139,1 Tingley Lane,,Edison,NJ,8820
4140,159 S. Pennsylvania Blvd.,,Wilkes-Barre,PA,18701
4141,2202 60th Street,,Brooklyn,NY,11204
4142,815 Fay Rd.,,Syracuse,NY,13219
4143,9750 Ferguson Rd.,,Dallas,TX,75228
4144,1725 NC Hwy. 66 South,,Kernersville,NC,27284
4145,2221 Rt. 9,,Cape May Court House,NJ,8210
4146,3901 Edgewater Dr.,,Orlando,FL,32804
4147,4552 Princess Anne Rd.,,Virginia Beach,VA,23462
4148,9554 Johnsontown,,Elizabethtown,NC,28337
4149,300 Blair Pike,,Peru,IN,46970
4150,3030 Jackson St.,,Sioux City,IA,51104
4151,5841 Chevy Chase Pkwy NW,,Washington,DC,20015
4152,2510 Greengarden Blvd.,,Erie,PA,16502
4153,1417 W. Braddock Rd.,,Alexandria,VA,22302
4154,8809 West Main,,Belleville,IL,62223
4155,1745 East 9800 South,,Sandy,UT,84092
4156,2404 King St.,,LaCrosse,WI,54601
4157,256 Swamp Pike,,Schwenksville,PA,19473
4158,4200 W. Quarton Rd.,,Bloomfield Hills,MI,48302
4159,919 E. Brigham Rd.,,St. George,UT,84737
4160,20883 NE Fuller Warren Dr.,,Blountstown,FL,32424
4161,9250 SW 52 Terrace,,Miami,FL,33165
4162,4545 Range Rd.,,Niceville,FL,32578
4163,2103 Demory Lane,,Aransas Pass,TX,78336
4164,2351 Longtown Rd.,,Blythewood,SC,29016
4165,1700 Wade Hampton Blvd.,,Greenville,SC,29614-0001
4166,650 Hughes Road,,Madison,AL,35758
4167,32 Dimsdale Dr. PO Box 8,,Lumberton,NJ,08048-0008
4168,2 H.C. Luthin Pl.,,Bogota,NJ,7603
4169,10315 W. State Hwy T,,Bois D' Arc,MO,65612
4170,Box 1117  402 SE 4th,,Boise City,OK,73933
4171,7323 Brunswick Rd.,,Arlington,TN,38018
4172,1000 E. State Rt. 140,,Greenville,IL,62246
4173,400 Garfield SW,,Bondurant,IA,50035
4174,400 Garfield SW,,Bondurant,IA,50035
4175,1145 So. 1900 E.,,Salt Lake City,UT,84108
4176,318 Ward Ave.,,Bordentown,NJ,8505
4177,414 West Main St.,,Boswell,IN,47921
4178,400 Judy Dr.,,Goose Creed,SC,29445
4179,504 W. College St.,,Bowden,GA,30108
4180,4000 St. Francis Dr.,,Rockford,IL,61103
4181,Rt. 226,,Bradford,NY,14815
4183,975 Robinson Rd.,,Peachtree City,GA,30269
4184,601 Glade,,Colleyville,TX,76034
4185,1272 Brant-North Collins Rd.,,Brant,NY,14027-0247
4186,2801 W. 86th St.,,Indpls.,IN,46268
4187,915 4th Ave.,,Brewster,MN,56119
4188,777 Brotherhood Way,,San Francisco,CA,94132
4189,301 E. Evans Blvd.,,Brigantine,NJ,(609) 266-7062
4190,1300 Nicholson St. N.W.,,Washington,DC,20904
4191,100 School Lane,,Killen,AL,35645
4192,440 Bradley Park Drive,,Columbus,GA,31904-2989
4193,4701 N. Central Ave.,,Phoenix,AZ,85012
4194,410 East Perkins Avenue,,McFarland,CA,93250
4195,3643 Center Rd.,,Brunswick,OH,44212
4196,873 Westside Rd.,,Statesboro,GA,30458
4197,216 Tidwell,,Houston,TX,77022
4198,4348 S. Griffin Ave.,,Milwaukee,WI,53207
4199,380 S. Mike Lounge Dr.,,Burlington,CO,80807
4200,4611 Kelly Elliot Rd.,,Arlington,TX,76017
4201,4205 48th St.,,Moline,IL,61265
4202,202 New Dunbar Rd.,,Byron,GA,31008
4203,15310 Wick Rd.,,Allen Park,MI,48101
4204,1143 E. Lebanon Rd.,,Dover,DE,19901
4205,8102 LaSalle Rd.,,Baltimore,MD,21286
4206,6111 Fairdale Rd.,,Cambridge,OH,43725
4207,751 Hwy 57,,Campbellsport,WI,53010
4208,E 1800 Dalton Ave.,,Coeur D'Alene,ID,83814
4209,1180 Delaware Ave.,,Buffalo,NY,14209-1494
4210,101 Aspetuck Ave.,,New Milford,CT,6776
4211,775 Waldo Rd.,,Campbell,CA,95008
4212,2900 E. 47th St.,,Fort Lauderdale,FL,33308-5332
4213,1601 W Mt Harmony Rd,,Owings,MD,20736
4214,3360 West 30th St.,,Indianapolis,IN,46222
4215,1717 W. Eby St.,,Freeport,IL,61032
4216,250 Jamaica Rd.,,Carlisle,OH,45005
4217,One Carmel Parkway,,Mundelein,IL,60060
4218,7105 Carnelian,,Alta Loma,CA,91701
4219,302 N. Seventh St,,Carrizo Springs,TX,78834
4220,2205 East Hebron Pkwy,,Carrollton,TX,75010
4221,3747 Main Hwy.,,Miami,FL,33133-5997
4222,2205 East Hebron Parkway,,Carrolton,TX,75010
4223,199 Washington Ave.,,Carteret,NJ,7008
4224,2680 Upper Afton Rd.,,Maplewood,MN,55119
4225,103 Trident,,Cary,NC,27513
4226,6290 Sierra Crest View Loop,,Alta Loma,CA,91737
4227,505 Johnson St. N.W.,,Cascade,IA,52033
4228,259 St. George St.,,St. Augustine,FL,32084
4229,910 Sam Jacimto,,Austin,TX,78701
4230,3030 S. 139th Plaza,,Omaha,NE,68144
4231,800 Lagonda Ave.,,Springfield,OH,45503
4232,1817 N. Limestone St,,Springfield,OH,45504
4233,27225 Wixom Rd.,,Novi,MI,48374
4234,148 McHenry St.,,Burlington,WI,53105
4235,1200 East High St.,,Springfield,OH,45505
4236,4810 Bradford Dr.,,Huntsville,AL,35805
4237,6300 Father Tribou St.,,Little Rock,AR,72205
4238,2800 Edison highway,,baltimore,MD,21213
4239,PO Box 129,,Eunice,NM,88231
4240,110 East Upland Rd.,,Ithaca,NY,14850
4241,1430 Norwalk,,Delano,CA,93215
4242,220 Western Blvd.,,Lanoka Harbor,NJ,8734
4243,622 S. Cedar St.,,Greenville,MI,48838
4244,2330 River Rd.,,Ellenwood,GA,30294
4245,7500 Whitney Dr.,,Apple Valley,MN,55124
4246,3306 W. Berry Ave.,,Littleton,CO,80123
4247,300 Hampshire St.,,Lawrence,MA,1841
4248,200 Central Christian Dr.,,DuBois,PA,15801
4249,1155 E. Cameron St.,,Indianapolis,IN,46201
4250,421 Fountain NE,,Grand Rapids,MI,49503
4251,18146 S. Oak Park Ave.,,Tinley Park,IL,60477
4252,801 Plymouth Ave.,,Fremont,CA,94539
4253,13555 Chaney Thompson Rd.,,Huntsville,AL,35803
4254,2100 Virginia Ave.,,Roanoke Rapids,NC,27870
4255,3688 Chamblee-Dunwoody Rd.,,Chamblee,GA,30341-2185
4256,4680 Chamblee-Dunwoody Rd.,,Dunwoody,GA,30338
4257,1709 High School Rd.,,Chapel Hill,NC,27516
4258,28 Harding Avenue,,Lockport,NY,14094
4259,301 Smith Avenue,,Lexington,NC,27292
4260,3846 California Ave.,,Long Beach,CA,90807
4261,760 Unionville Rd.,,Kennett Square,PA,19347
4262,2872 Water Plant Rd.,,Maiden,NC,28650
4263,1033 Virginia Street,,Charleston,WV,304-342-1259
4264,2300 McMullin Lane,,Aransas Pass,TX,78336
4265,7702 Pineville Matthews Rd.,,Charlotte,NC,28226
4266,1205 Pen Park Rd.,,Charlottesville,VA,22901
4267,1205 Pen Park Road,,Charlottesville,VA,22901
4268,3354 Charger Drive,,Chattanooga,TN,37409
4269,4400 Fair Oaks Drive,,Mt. Brook,AL,35213
4270,1800 3 Mile Rd. N,,Traverse City,MI,49686
4271,17700 Wild Horse Creek Rd.,,Chesterfield,MO,63005
4272,2125 South 11th St.,,Chesterton,IN,46304
4273,2125 S. 11th Street,,Chesterton,IN,46304
4274,5058 W. Jackson Blvd.,,Chicago,IL,60644
4275,5058 W. Jackson Blvd.,,Chicago,IL,60644
4276,421 Court St.,,Chilton,WI,53014
4277,421 Court St.,,Chilton,WI,53014
4278,551 Peacedale St.,,Bristol,CT,6010
4279,16700 W. 159th St.,,Olathe,KS,66062
4280,1183 Russell Dr.,,Mt. Pleasant,SC,29464
4281,1183 Russell Drive,,Mt. Pleasant,SC,29464
4282,415 Weidman,,Manchester,MO,63011
4283,46 Peachtree Way,,Atlanta,GA,30305
4284,1122 Long Avenue,,Richland,WA,99354
4285,46 Peachtree Way,,Atlanta,GA,404-266-0704
4286,1551 E. Dana Ave.,,Mesa,AZ,85204
4287,415 N. 117th St.,,Seattle,WA,98133
4288,412 Cochron Rd.,,Lexington,KY,40502
4289,4100 Colgate,,Dallas,TX,75225
4290,1503 Main Street,,Daphne,AL,36526
4291,3401 Tidewater Drive,,Norfolk,VA,23509
4292,239 Woodside Ave.,,Newark,NJ,7104
4293,164 Hopkins Ave.,,Haddonfield,NJ,8033
4294,3105 Belmont Blvd.,,Nashville,TN,37212
4295,425 W 85th St.,,Kansas City,MO,64114
4296,3105 Belmont Blvd,,Nashville,TN,37212
4297,3105 Belmont Blvd,,Nashville,TN,37212
4298,831 S. 88th St.,,Omaha,NE,68114
4299,831 S. 88th St.,,Omaha,NE,68114
4300,6822 Larkin Rd.,,Jacksonville,FL,32211
4301,359 Whiteman Street,,Fort Lee,NJ,7024
4302,5900 Walnut Grove Road,,Memphis,TN,38120
4303,210 Glass Avenue,,Hopkinsville,KY,42240
4304,4400 SE 27,,Del City,OK,73115
4305,6250 South Freeway,,Fort Worth,TX,76134
4306,6261 Hooker Dr.,,Huntington Beach,CA,92647
4307,1550 Vyse Avenue,,Bronx,NY,10460
4308,2 Claremont Rd.,,Ossining,NY,10562
4309,523 Spring Creek Pkwy,,Plano,TX,75023
4310,3401 Green St.,,Claymont,DE,19703
4311,901 S. 14th Street,,Clear Lake,IA,50428
4312,1700 Cleveland Rd.,,Bogart,GA,30622
4313,15895 Hwy. 175 PO Box 242,,Cobb,CA,95426
4314,20932 Big Canyon Road,,Middletown,CA,95461
4315,115 Southworth St.,,West Springfield,MA,1089
4316,191 Colham Ferry Rd.PO Box 186,,Watkinsville,GA,30677
4317,3700 Chaparral,,Irvine,CA,92606
4318,2941 Webster Rd.,,Blue Ridge,VA,24064
4319,1101 W. 7th St.,,Columbia,TN,38401
4320,345 Plainfield Ave.,,Berkeley Heights,NJ,7922
4321,3231 W. 9th St.,,Waterloo,IA,50702-5398
4322,181 Noe Bixby Rd.,,Columbus,OH,43213
4323,400 River Road North,,Denham Springs,LA,71726
4324,132751 Livingston Rd.,,Naples,FL,34109
4325,700 E. Main,,Tomball,TX,77375
4326,10441 Hwy 73,,Conifer,CO,80433
4327,500 S. Arrowhead Dr.,,Chandler,AZ,85224
4328,110 N. Prospect St.,,Connellsville,PA,15425
4329,29 Constable Rd.,,Kendall Park,NJ,8824
4330,1 East 91st Street,,New York,NY,10128
4331,1177 King Street,,Greenwich,CT,6831
4332,1 East 91st St.,,New York,NY,10128-0689
4333,160 Main St.,,Conway,NH,3818
4334,4625 Juniper,,Wichita,KS,67216
4335,PO Box 125 1144 E. Gallman Rd.,,Gallman,MS,39077
4336,825 N. Easton Rd.,,Glenside,PA,19038
4337,5200 Kelly Elliott,,Arlington,TX,76017
4338,1130 Ridge Ave.,,Coraopolis,PA,15108
4339,2846 Som Center Rd.,,Willoughby,OH,44094-9106
4340,Box 308 Rt. 419,,Cornwall,PA,17016
4341,2410 N. Cascade Ave.,,Colorado Sprins,CO,80907
4342,75 Francis St.,,San Francisco,CA,94112
4343,5530 Hogue Rad,,Evansville,IN,47712
4344,890 Toyopa Dr.,,Pacific Palisades,CA,90272
4345,254 Leech St.,,Dadeville,AL,36853
4346,7380 S North Cape Rd.,,Franklin,WI,53132
4347,7525 West 21st Street,,Indianapolis,IN,46214
4348,1401 Ferndale SW,,Grand Rapids,MI,49534
4349,2116 A Street,,South Sioux City,NE,68776
4350,2 Hamilton St.,,Taunton,MA,02780-2483
4351,20932 Big Canyon Rd.,,Middletown,CA,95461
4352,450 Crabapple Lane,,Peachtree City,GA,30269
4353,1 Education Dr.,,Seneca,PA,16346
4354,PO Box 1159,,Windermere,FL,34786
4355,2201 Hwy. 17 S.,,Crescent City,FL,32112
4356,3785 Jackson Blvd.,,Birmingham,AL,35213
4357,15601 US Hwy 150,,Paris,IL,61944
4358,14205 Cougar Dr.,,Florissant,MO,63033
4359,5950 S. Illinois Ave.,,Cudahy,WI,53110
4360,4401 Elenda St.,,Culver City,CA,90230
4361,4880 E. 71st. St.,,Cuyahoga Heights,OH,44125
4362,4820 E. 71st. St.,,Cuyahoga Heights,OH,44125
4363,900 Graham Rd.,,College Station,TX,77845
4364,3740 Melody Mizer Ln.,,Cumming,GA,30041
4365,4430 H St. SE,,Washington,DC,20019
4366,14600 Common Road,,Warren,MI,48093
4367,233 N. New Ballas Rd.,,St. Louis,MO,63141
4368,1515 Logan Rd.,,Ocean,NJ,7712
4369,4695 Hickory Rd.,,Canton,GA,30115
4370,4035 Hill,,Decatur,TX,76234
4371,702 Washington,,Defiance,OH,43512
4372,25591 Camino Del Avion,,San Juan Capistarano,CA,92675
4373,3434 S. Michigan Ave.,,Chicago,IL,60616
4374,462 Malin Rd.,,Newtown Square,PA,19073
4375,1512 Alps Road,,Wayne,NJ,7470
4376,919 E. Sumach St.,,Walla Walla,WA,99362
4377,6914 Chestnut Ridge Rd.,,Lockport,NY,14094
4378,90 Pulteney St.,,Geneva,NY,14456
4379,801 W. Southern Ave.,,Apache Junction,AZ,85220
4380,340 Blvd. Del Ray David,,Negales,AZ,85621
4381,27225 Wixom Rd.,,Novi,MI,48374
4382,85 North Adam St.,,Lockport,NY,14094
4383,1001 N. Silvery Lane,,Dearborn,MI,48128
4384,120 Division Avenue,,Levittown,NY,11756
4385,1655 East Jessica Drive,,Terre Haute,IN,47802
4386,120 E. Silver Spring Dr.,,Whitefish Bay,WI,53217
4387,341 E. Ottowa Ave.,,Dousman,WI,53118
4388,1400 Buffalo Rd.,,West Des Moines,IA,50265
4389,1436 Norfolk St.,,Downers Grove,IL,60516
4390,50 Devon Dr.,,Downingtown,PA,19341
4391,445 Manor Ave.,,Downingtown,PA,19335
4392,261 Poplar Branch Rd.,,Poplar Branch,NC,27965
4393,700 Ibson St.,,Woodmere,NY,11598
4394,41 Drum Point Rd.,,Brick,NJ,8723
4395,8151 Village Pkwy.,,Dublin,CA,94568
4396,PO Box 567 200 Central Christian Rd.,,DuBois,PA,15801
4397,3601 Burt St.,,Omaha,NE,68131
4398,Drawer 370,,Duchesne,UT,84021
4399,3200 Pleasant Hill Rd.,,Duluth,GA,30096
4400,3200 Pleasant Hill Rd.,,Duluth,GA,30024
4401,1880 Dutch Broadway,,Elmont,NY,11003
4402,201 S. Kendrick Ave.,,Burlington,WI,53105
4403,8010 12th Ave.,,Brooklyn,NY,11228
4404,500 Weaver Dairy Rd.,,Chapel Hill,NC,27514
4405,701 E. Eleventh St.,,New Richmond,WI,54017
4406,5205 W. Sawmill Rd.,,Little Rock,AR,72206
4407,95 South Main St.,,East Granby,CT,6026
4408,2800 Kensington Rd.,,Bloomfield Hills,MI,48304
4409,527 East Marion School Rd.,,Columbia,MS,39429
4410,665 Vincent Flats,,East Montpelier,VT,5651
4411,1389 Neipsic Rd.,,Glastonbury,CT,6033
4412,1301 Berdan Street,,Eddyville,IA,52553
4413,8289 N. Main St.,,Eden,NY,14057
4414,5145 S. 116th St.,,Hales Corners,WI,53130
4415,Blvd. Of Eagles,,Edison,NJ,8817
4416,PO Box 787,,Waynesboro,GA,30830
4417,1320 Mission Rd.,,So. San Francisco,CA,94080
4418,1298 State Rd.,,Eliot,ME,3903
4419,121 Elizabeth Lane,,Matthews,NC,28105
4420,711 Veterans Dr.,,Elkhorn,NE,68022
4421,17880 Marcy St.,,Omaha,NE,68118
4422,9830 Revere Lane N,,Maple Grove,MN,55369
4423,2319 N. 76th Avenue,,Elmwood Park,IL,60707
4424,755 W. Elmhurst Place,,Broomfield,CO,80020
4425,150 By-Pass 225,,Greenwood,SC,29646
4426,909 North Boston Ave.,,Tulsa,OK,74106
4427,4201 N. Melpanene,,Tucson,AZ,85749
4428,43 Drum Point Rd.,,Brick,NJ,8723
4429,6415 N. Muscatel,,San Gabriel,CA,91775
4430,1260 Monte Rosa,,Carson City,NV,89703
4431,1118 Church Rd.,,Oreland,PA,19075
4432,316 Sarasota St.,,Venice,FL,34285
4433,234 E. 22nd Street,,New York,NY,10010
4434,128 Cape May Ave.,,Estell Manor,NJ,08319-1735
4435,58 Twin Rivers Dr.,,East Windsor,NJ,8520
4436,5716 Buncombe,,Shreveport,LA,71129
4437,4318 Washington Rd.,,Evans,GA,30809
4438,6400 N. Green River Rd.,,Evansville,IN,47715
4439,5935 Clarkston Rd.,,Clarkston,MI,48348
4440,5935 Clarkston Rd.,,Clarkston,MI,48348
4441,63 E. Merrill Ave.,,Fond du Lac,WI,54935
4442,PO Box 1060 1 Stadium Dr.,,Morenci,AZ,85540
4443,2840 Hwy. 32,,Krakow,WI,54137
4444,801 Seymour Rd.,,Bear,DE,19711
4445,23130 Remick,,Clinton Twp.,MI,48036
4446,1410 Good Hope Rd.,,Mechanicsburg,PA,17050
4447,52 Woodville Rd.,,Falmouth,ME,4105
4448,10225 State Route 80 W,,Fancy Farm,KY,42039
4449,3557 Grange Hall Rd.,,Asheboro,NC,27205
4450,142 Wilma Deive,,Maryville,IL,62062
4451,237 Tobin PL,,El Paso,TX,79905
4452,784 Amostown Rd.,,West Springfield,MA,01089-4332
4453,15090 Hwy. 64 PO Box 130,,Somerville,TN,38068
4454,480 W. Crossville Rd.,,Roswell,GA,30075
4455,219 North 13th St.,,Leesburg,FL,34748
4456,5701 Fishburn Ave.,,Maywood,CA,91270
4457,13000 Promise Rd.,,Fishers,IN,46038
4458,2745 Terrell Ave.,,Oceanside,NY,11572
4459,1700 Hwy. 98,,Mary Esther,FL,32569
4460,1035 W. Harrison Ave.,,Claremont,CA,91711
4461,4375 Foothill Rd.,,Pleasanton,CA,94588
4462,1 Torino,,Foothill Ranch,CA,92610
4463,5901 Hall St.,,Grand Rapids,MI,49546
4464,651 Forest St.,,Orange,NJ,7050
4465,110 Lacey Rd.,,Forked River,NJ,8731
4466,1250 Seventh St.,,Sugar Land,TX,77478
4467,2000 Casper St.,,Casper,WY,82604
4468,201 45th Street NE,,Fort Payne,AL,35967
4469,401 Orchard Street,,Fox River Grove,IL,60021
4470,5335 Silica Dr.,,Sylvania,OH,43560
4471,201 W. Mill St.,,Liberty,MO,64068
4472,2323 Ford St.,,Ft. Myers,FL,33919
4473,400 4th Street South,,Cocoa Beach,FL,32931
4474,70 Boardman Street,,Norfolk,MA,2056
4475,615 Wolf River Dr. PO Box 308,,Fremont,WI,54940
4476,525 E. Main,,Fremont,IA,52561
4477,16495 Main St.,,Frenchtown,MT,59834
4478,7280 N. Cedar,,Fresno,CA,93720
4479,4450 Friendship Rd.,,Buford,GA,30519
4480,6637 W. Ottawa Ave.,,Littleton,CO,80128
4481,6637 W. Ottawa Ave.,,Littleton,CO,80128
4482,1500 Walker Chapel Rd.,,Fultondale,AL,35068
4483,6 East 4th Street,,Salem,VA,24153
4484,149 Twin Lake Rd.,,Gaffney,SC,29341
4485,3600 Butch Cassidy Rd.,,Reno,NV,89511
4486,2601 Ursuline,,Galveston,TX,77550
4487,14607 E. Gardenhill Dr,,La Mirada,CA,CA
4488,14607 E. Gardenhill Dr.,,LaMirada,CA,90604
4489,6506 Wright Way,,St. Louis,MO,63121
4490,10218 Arthur,,Livonia,MI,48331
4491,17815 Wild Horse Creek Rd.,,Chesterfield,MO,63005
4492,400 Fourth St.,,Geddes,SD,57342
4493,709 Plymouth St. SE,,LeMars,IA,51031
4494,5950 S. Illinois Ave.,,Cudahy,WI,53110
4495,1560 Liberty Bell Drive,,Harleysville,PA,19438
4496,6000 Lakeland Highlands Rd.,,Lakeland,FL,33813
4497,445 Cole St.,,Seekonk,MA,2771
4498,6385 Locust St. Extension,,Lockport,NY,14094
4499,10900 Rockville Pike,,Rockville,MD,20852
4500,76 Belknap Mountain Rd.,,Gilford,NH,3249
4501,34001 Cedar Rd.,,Gates Mills,OH,44040
4502,34001 Cedar Rd,,Gates Mills,OH,44040
4503,34001 Cedar Rd.,,Gates Mills,OH,44040
4504,600 Calvary Dr.,,Glasgow,KY,42141
4505,200 Ridgewood Ave.,,Glen Ridge,NJ,7028
4506,143 W. Green Bay St. PO Box 36,,Pulaski,WI,54162
4507,33 Riversville Rd.,,Greenwich,CT,6831
4508,522 Glenwood Ave.,,New Boston,OH,45662
4509,707 Sharp St.,,Glenwood,IA,51534
4510,333 Ridgeway St.,,Gloucester City,NJ,8030
4511,24 Brookline Ave.,,Nutley,NJ,7110
4512,3633 N California Ave,,Chicago,IL,60618
4513,3633 N California Ave,,Chicago,IL,60618
4514,5354 S. Field St.,,Littleton,CO,80123
4515,1719 E Madison Ave.,,El Cajon,CA,92019
4516,75 Learning Dr.,,Grantham,NH,3753
4517,1820 Newark-Granville Rd.,,Granville,OH,43023
4518,415 E. Fulton,,Grand Rapids,MI,49503
4519,4040 Central Ave.,,Great Falls,MT,59405
4520,600 E. Union St.,,Nanticoke,PA,18634
4521,420 N. Broadway St.,,Green Springs,OH,44836
4522,13300 Poplar Tree Rd.,,Fairfax,VA,22033
4523,30 Roberts St.,,Kendall Park,NJ,8824
4524,911 Armory Drive,,Greensburg,PA,15601
4525,3330 State St. NW,,North Canton,OH,44720
4526,4601 Wildcat Dr.,,Portland,TX,78359
4527,4600 Wildcat Dr.,,Portland,TX,78374
4528,1750 Quarry Rd.,,Yardley,PA,19067
4529,7901 Bailey Cove Rd.,,Huntsville,AL,35802
4530,7800 Grays Dr.,,Grosse Ile,MI,48138
4531,141 Trail 1,,Burlington,NC,27215
4532,6539 Beechmont Ave.,,Cincinnati,OH,45230
4533,15300 N. Gray Rd.,,Noblesville,IN,46062
4534,900 Kilbourne Rd.,,Gurnee,IL,60031
4535,1204 11th Avenue,,Clarkfield,MN,56223
4536,11319 W. Godsell Ave.,,Hales Corners,WI,53130
4537,13910 East 126th St.,,Fishers,IN,46037-9781
4538,297 New Meadow Rd.,,Barrington,RI,2806
4539,29 Academy Ave.,,Hampton,NH,3842
4540,88 Argonne Rd E.,,Hampton Bays,NY,11946
4541,88 E. Argonne Rd.,,Hampton Bays,NY,11946
4542,261 Old 431 Hwy.,,Owens Crossroads,AL,35763
4543,766 First Ave.,,Hampton,TN,37658
4544,2600 Wheat St.,,Columbia,SC,29205
4545,1919 Road SixtyFive NW,,Olympia,WA,98502
4546,903 Anderson St.,,Franklin,LA,70538
4547,3440 North Fulton Ave.,,Hapeville,GA,30354
4548,8291 Warner Ave.,,Huntington Beach,CA,92647-6040
4549,Box 10775,,Searcy,AR,72149-0775
4550,550 Harmony School Rd.,,Jasper,GA,30143
4551,200 W. Park Ave.,,Greenfield,IN,46140
4552,10 Erford Rd.,,Wormleysburg,PA,17043
4553,10 Erford Road,,Wormleysburg,PA,17043
4554,Box H,,Hartford,IA,50128
4555,3700 Coldwater Canyon,,North Hollywood,CA,91604
4556,365 Boulevard,,Hasbrouck Heights,NJ,7604
4557,14055 Orehid Ave.,,Rogers,MN,55374
4558,4500 Quincy Ln.,,Plano,TX,75024
4559,487-A Walton Ferry Rd.,,Hendersonville,TN,37075
4560,2000 Route 208 North,,Hawthorne,NJ,7506
4561,1830 Jo Johnston Ave.,,Nashville,TN,37203
4562,1830 Jo Johnston Ave.,,Nashville,TN,37203
4563,2475 S. Green Rd.,,Beachwood,OH,44122
4564,307 S. Main St.,,Hebron,IN,46341
4565,307 South Main St.,,Hebron,IN,46341
4566,1305 Swifts Hwy,,Jefferson City,MO,65101
4567,2385 Flynn Lane,,Missoula,MT,59802
4568,2282 Lanes Mill Rd.,,Brick,NJ,8724
4569,1450 Santa Lucia Rd.,,Chula Vista,CA,91914
4570,7521 E. 300 N,,Lafayette,IN,47905
4571,350 Grand St.,,New York,NY,10002
4572,850 Grand Street,,Brooklyn,NY,11211
4573,1500 49th Ave. NE,,Columbia Hights,MN,25421
4574,1301 Edge Hill Rd.,,Abington,PA,19001
4575,450 Eriel Rd.,,Blackwood,NJ,8012
4576,397 Porter St.,,Manchester,CT,6040
4577,2020 W. Tucker Blvd.,,Arlington,TX,76013
4578,720 Diablo Ave.,,Navato,CA,94947
4579,4193 Hillcrest Rd.,,Oneida,WI,54155
4580,32200 Middlebelt Road,,Farmington Hills,MI,48334
4581,32200 Middlebelt Rd.,,Farmington Hills,MI,48334-1715
4582,32200 Middlebelt Road,,Farmington Hills,MI,483334
4583,9120 West Olympic Blvd.,,Beverly Hills,CA,90212
4584,4200 Leppert Rd,,Hilliard,OH,43026
4585,358 West Main Street,,Hillsboro,OH,45133
4586,One Academy Lane,,Hillsdale,MI,49242
4587,555 Claire Ave.,,Chula Vista,CA,91910
4588,8 Fox Grape,,Hilton Head,SC,29928
4589,6565 S. 136 St.,,Omaha,NE,68137
4590,160 New Hope Rd.,,Holly Pond,AL,35083
4591,720 Kensington Place,,Aurora,IL,60506
4592,242 Hermitage St.,,Philadelphia,PA,19127
4593,3000 N 80th Ave,,River Grove,IL,60171
4594,250 Stafford Lakes Pkwy.,,Fredericksburg,VA,22406
4595,1745 South Clinton,,Defiance,OH,43512
4596,436 Broadway,,South Portland,ME,4106
4597,240 N. Bishop Ave.,,Springfield,PA,19064
4598,240 N. Bishop Ave,,Springfield,PA,19064
4599,910 Hwy #36,,Hazlet,NJ,7730
4600,110 West Oliver,,Freeburg,MO,65035
4601,532 McKinley,,Arcadia,WI,54612
4602,601 N. Laurel St.,,Hazleton,PA,18201
4603,239 Avenue A,,Bayonne,NJ,7002
4604,530 South Glassell St.,,Orange,CA,92866
4605,6146 Pershing Ave.,,Fort Worth,TX,76107
4606,2515 Palatine Rd,,Inverness,IL,60067
4607,2601 Ursuline,,Galveston,TX,77539
4608,9400 Neenah Ave,,Austin,TX,78717
4609,9400 Neenah Ave.,,Austin,TX,78717
4610,3700 1st Ave NW,,Cedar Rapids,IA,52405
4611,3700 1st Ave NW,,Cedar Rapids,IA,52405
4612,3265 Concord Rd.,,Aston,PA,19014
4613,3163 Kent Rd.,,Stow,OH,44224
4614,200 Summit St.,,Norwood,NJ,7648
4615,6201 Ross SE,,Albuquerque,NM,87108
4616,248 New Ballwin,,Ballwin,MO,63021
4617,6000 Queens Hwy.,,Parma Hts.,OH,44130
4618,6000 Queens Highway,,Parma Hts.,OH,44130
4619,155 Co. Road 24,,Wayzata,MN,55391
4620,345 South Military Tr.,,West Palm Beach,FL,33415
4621,6190 Allentown Blvd.,,Harrisburg,PA,17112
4622,3060 N. Hwy A1A,,Indialantic,FL,32903
4623,124 S. San Dimas Cyn Rd.,,San Dimas,CA,91773
4624,3380 Old Alabama Road,,Johns Creek,GA,30022
4625,1010 W. Firewood Lane,,Anchorage,AK,99503
4626,190 Graylynn Dr.,,Nashville,TN,37214
4627,4920 Brentwood Ave.,,Jacksonville,FL,32206
4628,3368 Esplanade Ave.,,New Orleans,LA,70119
4629,22705 Metcalf,,Bucyrus,KS,66013
4630,6355 Willowbrook,,Wichita,KS,67218
4631,1001 N. Tyler St.,,Little Rock,AR,72205
4632,12 Winder Rd.,,New Castle,DE,19720-1211
4633,4820 Long Island Dr.,,Atlanta,GA,30342
4634,4382 Duchene Lane,,Columbus,OH,43213
4635,3920 West Land Park Dr.,,Sacramento,CA,95822
4636,W2796 County Hwy KK,,Appleton,WI,54915-9345
4637,3100 Park Rd.,,Charlotte,NC,28209
4638,13600 W. 92nd Street,,Lenexa,KS,66215
4639,15 E. Lincoln Hwy.,,Fairview Heights,IL,62208
4640,98 Cherry Lane,,Hicksville,NY,11801
4641,19330 Pinehurst Trail Dr.,,Atascocita,TX,77346
4642,1215 Delsea Drive,,Westville,NJ,8093
4644,6601 S. Carlisle Rd.,,Terre Haute,IN,47802
4645,2800 W. Harlan,,Terre Haute,IN,47802
4646,1000 Buccaneer Dr.,,Hoover,AL,35244
4647,17622 Flintstone Lane,,Huntington Beach,CA,92647
4648,11530 Beatties Ford Rd.,,Huntersville,NC,28078
4649,600 Driscoll Rd,,Fremont,CA,94539
4650,600 Driscoll Rd.,,Fremont,CA,94539
4651,920 Hwy 96,,Warner Robins,GA,31088
4652,1901 NE 9th street,,Gainesville,FL,32609
4653,1901 NE 9th Street,,Gainesville,FL,32609
4654,801 8th Ave.,,Howard Lake,MN,55349
4655,75 Ocean Avenue,,Malverne,NY,11758
4656,90 Trinity Place,,New York,NY,10006
4657,1520 Patterson Plk. Rd.,,Secaucus,NJ,7094
4658,200 McIntosh Trail,,Peachtree City,GA,30269
4659,1609 Lilly St.,,Longview,TX,75602-3123
4660,2401 Colts Neck Rd.,,Reston,VA,20191
4661,1700 Huntington Dr.,,San Morino,CA,91108
4662,2304 Billie Watkins Rd.,,Huntsville,AL,35803
4663,170 Roadrunner Ln.,,Destrehan,LA,70047
4664,33 Ferndale Ave.,,Staten Island,NY,10314
4665,One Stephen Batchelder Pkwy.,,Raymond,NH,3077
4666,7101 Idlewild Rd.,,Charlotte,NC,28212
4667,600 Miller St.,,Carthage,IL,62321
4668,240 Mountain Avenue,,Somerville,NJ,8876
4669,1321 E. Division Regional School,,Mt. Vernon,WA,98274
4670,100 Sherman St.,,Dennison,OH,44621
4671,903 Chestnut Street,,Douglassville,PA,19518
4672,2089 Hanley Rd.,,Dardenne Prairie,MO,63366
4673,3555 S. Fremont Ave.,,Springfield,MO,65804
4674,1,,Traverse City,MI,
4675,1725 Central,,Memphis,TN,38104-5117
4676,258 South Main St.,,Lodi,NJ,7644
4677,112 Ware Ave..,,Towson,MD,21204
4678,4030 Jackson St. N.E.,,Columbia Heights,MN,55421
4679,7000 JFK Blvd.,,N. Little Rock,AR,72113
4680,7000 John F. Kennedy Blvd,,North Little Rock,AR,72116
4681,363 W. Hill Street,,Chicago,IL,60610
4682,1000 Alameda De Las Pulgas,,Belmont,CA,94002
4683,7800 Beechmont Ave.,,Cincinnati,OH,45255
4684,1000 Alameda de las Pulgas,,Belmont,CA,94002
4685,800 W. Barnes,,Lansing,MI,48910
4686,201 W. Graaf Ave.,,Ridgecrest,CA,93555
4687,6620 Pearl Rd.,,Parma Hts.,OH,44130
4688,2788 Normandy Dr,,Saint Louis,MO,63121-4705
4689,244 Resuca Blvd.,,Brownsville,TX,78520
4690,2920 S. Alameda,,Corpus Christi,TX,78404
4691,2917 Austin St.,,Corpus Christi,TX,78404
4692,45 Williamsburg Ln.,,Dayton,OH,45459
4693,5111 Webb Rd.,,Tampa,FL,33615
4694,360 Bray Station Road,,Collierville,TN,38017
4695,360 Bray Station Rd.,,Collierville,TN,38017
4696,399 Indian Ave.,,Bridgeton,NJ,8302
4697,50 E. Henderson Rd.,,Columbus,OH,43214
4698,319 Sky Rd.,,Indian Springs,NV,89018
4699,1692 South St. Rd. 9,,Columbia City,IN,46725
4700,1101 Douglas Avenue,,Flossmoor,IL,60422
4701,1101 Douglas Ave.,,Flossmoor,IL,60422
4702,501 Bourdeax St.,,Jacksonville,NC,28540
4704,1021 N. New York Ave.,,Winter Park,FL,32789
4705,255 Wilmot Road,,New Rochelle,NY,10804
4706,255 Wilmot Road,,New Rochelle,NY,10804
4707,2500 Nostrand Ave.,,Brooklyn,NY,11210
4708,24615 State Hwy 58,,Richland Center,WI,53581
4709,434 South St.,,Paradis,LA,70080
4710,2335 Redondo Ave.,,Salt Lake City,UT,84108
4711,600 Ira St.,,Jeanerette,LA,70544
4712,37614 US Hwy 136,,Conception Jct.,MO,64434
4713,801 E. 13th,,Pella,IA,50219
4714,2716 24th,,Great Bend,KS,67530
4715,312 South Main,,Boulder,MT,59632
4716,27900 Rockwood,,St. Clair Shores,MI,48081
4717,501 S. Taft Ave.,,Jefferson,WI,53549
4718,15 School Lane,,Pittsford,NY,14534
4719,1213 16th Street,,Lewiston,ID,83501
4720,20001 Carson Lane,,Castro Valley,CA,94552
4721,20001 Carson Lane,,Castro Valley,CA,94552
4722,20001 Carson Lane,,Castro Valley,CA,94552
4723,6151 Rainbow Drive,,San Jose,CA,95129
4724,765 Crestdale Lane,,Las Vegas,NV,89144
4725,3402 Delaware Ave.,,Fort Pierce,FL,34947-6118
4726,171 East Jr. High Rd.,,Gaffney,SC,29340
4727,51 High Street,,Lockport,NY,14094
4728,3301 Lowell St. NW,,Washington,DC,20008
4729,140 S 140th St.,,Burien,WA,98168
4730,1801 W. Broadway,,St. Peter,MN,56082
4731,2824 N. 76th Avenue,,Elmwood Park,IL,60707
4732,1260 Branham Lane,,San Jose,CA,95118
4733,3250 A Dickinson Avenue,,Greenville,NC,27834
4734,80 Fletcher St.,,Goshen,NY,10924
4735,312 North Market,,Nixa,MO,65714
4736,765 Crestdale Lane,,Las Vegas,NV,89144
4737,701 S. Bois D' Avenue,,Forney,TX,75126
4738,PO Box C,,Johnson,KS,67855
4739,6440 Kilbury Huber Rd.,,Plain City,OH,43064
4740,135 S. King St. PO Box 839,,Jonestown,PA,17038
4741,1,,Rock Island,Il,
4742,P.O. Box 3888,,Mission,TX,78573
4743,11800 South 300 East,,Draper,UT,84020
4744,650 South 1100 East,,Salt Lake City,UT,84102
4745,14830 Van Ness Ave.,,Gardena,CA,90249
4746,600 N. Arthur,,Kennewick,WA,99336
4747,2200 East Wagner Ave.,,Anaheim,CA,92806
4748,212 Atherton Way,,Greer,SC,29650
4749,110 E. 35th St.,,Kearney,NE,68847
4750,110 E 35th St.,,Kearney,NE,68847
4751,200 Kedron Dr.,,Peachtree City,GA,30269
4752,167 Maple Avenue,,Keene,NH,3431
4753,25 Mahan Drive,,Norwich,CT,6360
4754,13658 W. Marlowe Ave.,,Morrison,CO,80465
4755,1300 Jade Rd.,,St. Joseph,MN,56374
4756,1300 Jade Road,,St. Joseph,MN,56374
4757,1300 Jade Road,,St. Joseph,MN,56374
4758,205 South First Street,,Kerman,CA,93630
4759,1st and Broadway PO Box 720,,Ketchum,OK,74349
4760,1000 Kelton Ave.,,Pittsburgh,PA,15216
4761,119 East Craig Place,,San Antonio,TX,78212-3497
4762,19100 E. Killian St.,,Rowland Heights,CA,91748
4763,7900 W. Court,,Pasco,WA,99301
4764,1420 W. University,,Mitchell,SD,57301
4765,7801 Wilshire Ave. NE,,Albuquerque,NM,87122
4766,3091 North Bend Rd.,,Cincinnati,OH,45239-7696
4767,3837 Secor Rd.,,Toledo,OH,43623
4768,401 Meador Dr.,,LaFayette,TN,37083
4769,6733 Reynolds Rd.,,Mentor,OH,44060
4770,61 Monce Rd.,,Burlington,CT,6013
4771,3133 Pioneer Rd.,,Woodbury,MN,55125
4772,1531 Three Dog Rd.,,Chapin,SC,29036
4773,3100 Lake Olympia Parkway,,Missouri City,TX,77459
4774,11801 Sonoma Dr.,,Austin,TX,78738
4775,1600 Eagle Way,,Lake Villa,IL,60046
4776,PO Box 749,,Sandy Hook,KY,41171
4777,2325 Hall St. SE,,East Grand Rapids,MI,49506
4778,10400 NE 68th St.,,Kirkland,WA,98033
4779,9700 W. 8th,,Lakewood,CO,80215
4780,7630 Bethany Rd.,,Liberty Twshp.,OH,45044
4781,5050 Tylersville,,West Chester,OH,45069
4782,8940 Union Centre Blvd,,West Chester,OH,45069
4783,8940 Union Centre Blvd,,West Chester,OH,45069
4784,8940 Union Centre Blvd,,West Chester,OH,45069
4785,8940 Union Centre Blvd,,West Chester,OH,45069
4786,8940 Union Centre Blvd,,West Chester,OH,45069
4787,8940 Union Centre Blvd.,,West Chester,OH,45069-2948
4788,33 Old Manchester Rd.,,Raymond,NH,3077
4789,50 Broad St.,,Fairburn,GA,30213
4790,1891 Lanes Mill Rd.,,Brick,NJ,8724
4791,1891 Lanes Mill Rd.,,Brick,NJ,8723
4792,2725 Crestview Ave.,,Lanesville,IN,47136
4793,2007 County U,,Green Bay,WI,54313
4794,281 Manchester Ave.,,Lanoka Harbor,NJ,8734
4795,3601 South Miami Ave.,,Coconut Grove,FL,33133
4796,3700 1st Avenue NW,,Cedar Rapids,IA,52405
4797,3700 1st Ave. NW,,Cedar Rapids,IA,52405
4798,502 8th Avenue N.,,Laurel,MT,59041
4799,2400 W. 123rd,,Leawood,KS,66209
4800,777 Brice St.,,Lebanon,MO,65536
4801,500 N. Adams,,Lebanon,MO,65536-2736
4802,1800 N. Grant St.,,Lebanon,IN,46052
4803,2241 Russell St.,,Berkeley,CA,94705
4804,104 Arthur Ave.,,Lehigh Acres,FL,33936
4805,800 Porter St.,,Lemont,IL,60439
4806,131 Hickery St.,,Lester Prairie,MN,55354
4807,4338 South Bruce St.,,Las Vegas,NV,89119
4808,1114 9th Avenue,,Lewiston,ID,83501
4809,505 West Liberty,,Ponca City,OK,74601
4810,1 District Drive,,Edwardsville,IL,62025
4811,1 District Drive,,Edwardsville,IL,62025
4812,17035 Liberty Parkway,,Vestavia Hills,AL,35242
4813,117 College St.,,Licking,MO,65542
4814,121 Camden St.,,Lilesville,NC,28091
4815,720 S. Cable Rd.,,Lima,OH,45805
4816,624 27th St. S,,Great Falls,MT,59405
4817,1120 Lark St.,,Alexandria,MN,56308
4818,145 West St.,,Edwardsville,IL,62025
4819,7001 South 14th Street,,Lincoln,NE,68512
4820,31950 Pauba Rd.,,Temecula,CA,92592
4821,340 East 10th St.,,Litchfield,MN,55355
4822,5555 Little Flower Ave.,,Cincinnati,OH,45239
4823,600 Maple St.,,Livermore,CA,94550
4824,202 Park Blvd.,,Cherry Hill,NJ,8002
4825,3657 Hwy. 81 South,,Covington,GA,30016
4826,311 W. Water St.,,Lock Haven,PA,17745
4827,Horse Hollow Rd.,,Locust Valley,NY,11560
4828,301 Sycamore,,Altoona,PA,16601
4829,701 Kayleen Dr.,,Bellevue,NE,68005
4830,23800 Summit Rd.,,Los Gatos,CA,95033
4831,510 Church St.,,Loogootee,IN,47553
4832,2020 Pizitz Drive,,Vestavia Hills,AL,35216
4833,22300 Mulholland Dr.,,Woodland Hills,CA,91364
4834,530 Stevens St.,,Lowell,MA,1851
4835,967 Main St-Canton,,Salem,NJ,8079
4836,501 57th St. N.,,Great Falls,MT,59404
4837,1100 Laramie Ave,,Wilmette,IL,60091
4838,921 Jordon St.,,Shreveport,LA,71101
4839,5555 S. Arlington Ave.,,Indpls.,IN,46237
4840,1845 Edgewater Dr.,,Conover,NC,28613
4841,700 2nd St.,,Lyle,MN,55953
4842,1650 Palisade Avenue,,Teaneck,NJ,7666
4843,2805 9th St. No.,,St. Cloud,MN,56303
4844,1341 Woodside Dr.   NW,,Cedar Rapids,IA,52405
4845,2221 N. 127th St. E,,Wichita,KS,67226
4846,3900 Brushy Fork Rd.,,Loganville,GA,30052
4847,31900 Nichols Sawmill,,Magnolia,TX,77353
4848,302 W. State  Box 1098,,Mahomet,IL,61853
4849,518 N. C Avenue,,Maiden,NC,28650
4850,310 North Huntley Dr.,,Los Angeles,CA,90048
4851,PO Box 406,,San Manuel,AZ,85631
4852,4831 Greenland Rd.,,Jacksonville,FL,32258
4853,405 Cumming St.,,Alpharetta,GA,30004
4854,50 Port Murray Rd.,,Port Murray,NJ,7865
4855,1100 Brooks Blvd.,,Manville,NJ,8835
4856,2370 Shermer Rd.,,Northbrook,IL,60062
4857,170 Seminary St.,,Vermontville,MI,49096
4858,700 Ashland Ave.,,Chicago Heights,IL,60411
4859,1002 18th St.,,San Diego,CA,92154-1999
4860,5682 Tilburg Drive,,Huntington Beach,CA,92649
4861,750 W. 26th St.,,Marion,IN,46953
4862,4200 West 115th street,,Chicago,IL,60655
4863,1300 Giddings Rd.,,Pontiac,MI,48340
4864,3790 Ashford-Dunwoody Rd.,,Atlanta,GA,30319
4865,501 East Hellman Ave.,,Alhambra,CA,91801
4866,646 Stanislaus Ave.,,Angels Camp,CA,95222
4867,646 Stanislaus Ave,,Angels Camp,CA,95222
4868,9625 Haligus,,Lake in the Hills,IL,60156
4869,698 Cox Creek Pkwy.,,Florence,AL,35630
4870,11090 St. Rt. 124,,Hillsboro,OH,45133
4871,271 Elton-Adelphia Rd.,,Freehold,NJ,7728
4872,14283nwharbor ln,,poetland,OR,97229
4873,9546 Hwy. 144,,Philpot,KY,42366
4874,6000 University Drive,,Parkland,FL,33067
4876,14131 Seneca Rd.,,Darnestown,MD,20874
4877,14131 Seneca Rd.,,Darnestown,MD,20874
4878,14131 Seneca Road,,Darnestown,MD,20894
4879,1515 W. Causeway Aproach,,Mandeville,LA,70471
4880,400 Collard Dr.,,Marysville,MI,48040
4881,1050 Maryvale Dr.,,Cheektowaga,NY,14225
4882,2125 Poplar St.,,Georgetown,SC,29440
4883,2841 Old Marion Rd.,,Metropolis,IL,62960
4884,538 Church St.,,New Monmouth,NJ,7748
4885,592 Arlington Ave West,,St. Paul,MN,55117
4886,1147 Saco St.,,Maumee,OH,43537
4887,5200 S. 75th Street,,Lincoln,NE,68516
4888,5200 S. 75TH STREET,,LINCOLN,NE,68317
4889,9100 Carswell Ln,,Charlotte,NC,28277
4890,930 S. Pearl Ave,,Joplin,MO,64801
4891,6000 Oakwood Ave.,,Cincinnati,OH,45224
4892,1201 N. Waddington,,Wichita,KS,67212
4893,666 Reaves Ln.,,Warminster,PA,18974
4894,8600 McDonogh Rd.,,Owings Mills,MD,21117
4895,1751 McKelvey Rd.,,Maryland Heights,MO,63043
4896,370 Cedar Rd.,,Elkins Park,PA,19027
4897,2100 McKinnon St.,,Salinas,CA,93906
4898,3802 Redick Ave.,,Omaha,NE,68112-2966
4899,1,,Cincinnati,Oh,513-231-1351
4900,6536 Beechmont Ave.,,Cincinnati,OH,45230
4901,2204 Fox Farm Rd.,,Great Falls,MT,59404
4902,14230 Memorial Dr.,,Houston,TX,77079
4903,100 East Florida Avenue,,Melbourne,FL,32901
4904,100 E. Florida Avenue,,Melbourne,FL,32901
4905,300 W. Stewart St.,,Washington,NJ,7882
4906,Laura Herbert Dr.,,Point Pleasant,NJ,8742
4907,1176 E Broadway,,Louisville,KY,40204
4908,1501 South 48th St.,,Omaha,NE,68106-2598
4909,511 Montgomery Avenue,,Merion Station,PA,19066
4910,17601 Avilla Lane,,Huntington Beach,CA,92647
4911,9700 Fairview Ave.,,Manassas,VA,20110
4912,60 Thompson Rd.,,Kennebunk,ME,4043
4913,1155 N. Union St.,,Middletown,PA,17057
4914,500 Midstreams Rd.,,Brick,NJ,8724
4915,3836 Midvale Rd.,,Tucker,GA,30084
4916,56 North School Rd.,,Micuale,ID,83645
4917,250 Mable Street,,Mifflinburg,PA,17844
4918,1700 Mill Slough Rd.,,Kissimmee,FL,34744
4919,210 Western Blvd. PO Box 197,,Lanoka Harbor,NJ,8734
4920,130 E. Jackson St.,,Cement City,MI,49233
4921,130 E. Jackson St.,,Cement City,MI,49233
4922,5651 Coventry Dr.,,Richardson,TX,75082
4923,6151 Rainbow Dr.,,San Jose,CA,95129
4924,15846 Wardlaw,,Middletown,CA,95461
4925,2202 Washington,,Bellevue,NE,68005
4926,295 Cemetery St.,,Mocksville,NC,27028
4927,400 Monroe Ave.,,Hamlet,NC,28345
4928,590 Lavander Road,,Athens,GA,30605
4929,120 Dorsey Road,,Glen Burnie,MD,21061
4930,6021 Cloverland Dr.,,Brentwood,TN,37027
4931,1616 Richmond NE,,Albuquerque,NM,87106
4932,17235 7th Street,,Montverde,FL,34756
4933,904 Beaver Grade Rd.,,Moon Township,PA,15108
4934,623 W. Penn St.,,Carlisle,PA,17013
4935,160 South Magnolia St.,,Mooresville,NC,28115
4936,505 N. Trussell,,Meravia,IA,52571
4937,3427 Chapel Rd.,,Hamilton,OH,45013
4938,53 S. Woodland St.,,Englewood,NJ,7631
4939,PO Box 2000,,Moriarty,NM,87035
4940,1100 E. Mt. Pleasant Ave.,,Philadelphia,PA,19150
4941,1805 S. 160th Street,,Omaha,NE,68130
4942,803 E Sharon Ave,,Moses Lake,WA,98837
4943,8033 Baringer Rd.,,Baton Rouge,LA,70817
4944,6 bond street,,wallington,NJ,7057
4945,701 Fort Washington Ave,,New York,NY,10040
4946,701 Fort Washington Avenue,,New York,NY,10040
4947,38833 Chaptico Rd.,,Helen,MD,20635
4948,318 Seale Rd.,,Phenix City,AL,36869
4949,14141 SW 26 Street,,Miami,FL,33175
4950,8509 Westport Rd.,,Louisville,KY,40242
4951,6085 Jackie Dr.,,Liberty Township,OH,45044
4952,6704 Marlboro Pike,,Forestville,MD,20747
4953,7027 Milne Blvd.,,New Orleans,LA,70124
4954,4403 Frederick Ave.,,Baltimore,MD,21229-4199
4955,1645 Highway 22,,Watchung,NJ,7069
4956,3224 Kavanaugh Blvd,,Little Rock,AR,72205
4957,3020 Cambridge Rd.,,Birmingham,AL,35222
4958,205 Overbrook Rd.,,Birmingham,AL,35213
4959,615 Mountain Rd.,,Woodstock,GA,30188
4960,400 Gibbel Rd.,,Harrisburg,PA,17112
4961,77 Hampden Rd.,,East Longmeadow,MA,1028
4962,3420 15th Ave. South,,Great Falls,MT,59405
4963,216 Survey Rd.,,Moyock,NC,27958
4964,33 Plaisted Ave.,,Smithtown,NY,11787
4965,800 Mt. Tabor Rd.,,New Albany,IN,47150
4966,3464 River Rd.,,Johns Island,SC,29455
4967,105 Pride Ave.,,Bunker Hill,WV,25413
4968,3373 Pruden Blvd.,,Suffolk,VA,23434
4969,285 Main St.,,Rutland,MA,1543
4970,135 Cleveland Ave.,,Buffalo,NY,14222
4971,464 Baldwinville Rd.,,Baldwinville,MA,1436
4972,1560 Liberty Bell Dr.,,Harleysville,PA,19438
4973,6 Bartlett Ave.,,Nashua,NH,3064
4974,705 E. Brandon Blvd.,,Brandon,FL,33511
4975,2929 Willowcreek Road,,Portage,IN,46368
4976,2929 Willowcreek,,Portage,IN,46368
4977,5200 Johnson St.,,Hollywood,FL,33021
4978,1125 Pittsford Cr.,,Charleston,SC,29412
4979,180 Raines Park,,Rochester,NY,14613
4980,3834 Mitchell Rd.,,New Castle,PA,16105
4981,111 Columbia St.,,New York,NY,10002
4982,PO Box 476,,New Knoxville,OH,45871-0476
4983,1559 W. Old A.J. Hwy.,,New Market,TN,37820
4984,63 Hanover St.,,Newbury,MA,1951
4985,2445 19th Street SW,,Mason City,IA,50401
4986,1101 W 23rd St,,Sterling,IL,61081-9043
4987,1300 Alta Vista,,Laredo,TX,78041
4988,4333 128th Ave. S.E.,,Bellevue,WA,98006
4989,205 North St.,,Nixa,MO,65714
4990,205 North St.,,Nixa,MO,65714
4991,205 North St.,,Nixa,MO,65714
4992,10 Campus Dr.,,Dedham,MA,2026
4993,4501 Bridge Street,,Fort Worth,TX,76103-1160
4994,409 4th St. SE,,Glenwood,MN,56334
4995,2300 Madison Ave.,,Norfolk,NE,68701
4996,75 E. Prescott St.,,Westford,MA,1886
4997,1101 Isaac Dr.,,Lincoln,NE,68505
4998,17823 Poplar Grove Rd.,,Poplar Grove,IL,61065
4999,1717 17th St.,,North Chicago,IL,60064
5000,801 Elm Street,,Desloge,MO,63601
5001,831 North Drive,,Hopkinsville,KY,42240
5002,32900 W. 13 Mile Rd.,,Farmington Hills,MI,48334
5003,101 NW 15th Avenue,,Fort Lauderdale,FL,33311
5004,N88 W16750 Garfield,,Menomonee Falls,WI,53051
5005,5600 Godfrey Rd.,,Godfrey,IL,62035
5006,7300 Greenville Rd.,,Elkton,KY,42220
5007,310 E. Broadway,,Marion,IN,47959
5008,5209 St. Rd. 109,,Columbia City,IN,46725
5009,4363 Sylvanfield,,Houston,TX,77014
5010,11855 Northpointe Blvd.,,Tomball,TX,77377
5011,482 W. 580 N.,,Crawfordsville,IN,47933
5012,333 Jeremiah Blvd.,,Charlotte,NC,28262
5013,7777 62nd Ave. N,,St. Petersburg,FL,33713
5014,10 Eileen Crt.,,Parsippany,NJ,7054
5015,5805 Highway 25,,Flowood,MS,39232
5016,715 C. Street,,Marysville,CA,95901
5017,1699 Hilton Drive,,Park Hills,KY,41011
5018,1699 Hilton Dr.,,Park Hills,KY,41011
5019,1699 Hilton Drive,,Park Hills,KY,41011
5020,1699 Hilton Drive,,Park Hills,KY,41011
5021,3823 Locust St.,,Kansas City,MO,64109
5022,13000 Auburn Rd.,,Chardon,OH,44024
5023,13000 Auburn Rd.,,Chardon,OH,44024
5024,455 Palma Drive,,Salinas,CA,93901
5025,455 Palma Drive,,Salinas,CA,93901
5026,2220 Sunmor Ave.,,Portsmouth,OH,45653
5028,3000 North Mango,,Chicago,IL,60634
5029,907 Main St.,,Kerrville,TX,78028
5030,1000 Moore Rd,,Michigan City,IN,46360
5031,25 Mayfair Rd.,,N.H.P.,NY,11040
5032,2555 Wieneke Rd.,,Saginaw,MI,48603
5033,49000 Eleven Mile Rd.,,Novi,MI,48374
5034,1320 Tremont,,Galveston,TX,77550
5035,1700 S. O' Plaine Rd.,,Green Oaks,IL,60048
5036,285 Blossom Hill Rd.,,San Jose,CA,95123
5037,2600 County Rd. 136,,St. Cloud,MN,56301
5038,2600 Cty Rd 36,,St. Cloud,MN,56301
5039,2600 County Road 136,,St. Cloud,MN,56301
5040,44 Blackburn Road,,Summit,NJ,7901
5041,44 Blackburn Road,,Summit,NJ,7901
5042,2255 Las Plumas Ave.,,Oroville,CA,95966
5043,144 N. Craig St.,,Pittsburgh,PA,15213-2701
5044,917 Lake George Rd.,,Lake Orion,MI,48363
5045,106 Holik,,College Station,TX,77840
5046,4335 So. Hoover,,Wichita,KS,67215
5047,11444 Canter Heights Dr.,,San Diego,CA,92130
5048,3637 Middle Sound Rd.,,Wilmington,NC,28411
5049,1111 Boston Post Rd,,Old Saybrook,CT,6475
5050,1 Twister Circle PO Box 200,,Oldenburg,IN,47036
5051,300 W. Ben St.,,New Carlisle,IN,46552
5052,27605 Hwy. 75,,Oneonta,AL,35121
5053,1 Beverly Road,,Summit,NJ,7901
5054,1 Beverly Road,,Summit,NJ,7901
5055,1 Beverly Road,,Summit,NJ,7901
5056,1 beverly road,,summit,NJ,7901
5057,185 Marino Dr.,,Milford,CT,6460
5058,800 Old Crystal Bay Rd.,,Long Lake,MN,55356-0016
5059,218 Drum Point Rd.,,Brick,NJ,8723
5060,470 Boston Post Rd.,,Waterford,CT,6385
5061,555 Jackson St.  PO Box 288,,Blair,NE,68008
5062,111 Oxford St. PO Box 368,,Otterbein,IN,47970
5063,1869 N. St. Rd. 257,,Otwell,IN,47564
5064,11023 Kipling Lane,,Philadelphia,PA,19154
5065,11023 Kipling Lane,,Philadelphia,PA,19154
5066,245 Upland Rd.,,Brookhaven,PA,19015
5067,4500 Washington St.,,Florissant,MO,63033
5068,535 Norway Ave.,,Huntington,WV,25705
5069,225 Danbury Rd.,,Wilton,CT,6897
5070,105 N La Esperanza,,San Clemente,CA,92672
5071,105 N La Esperanza,,San Clemente,CA,92672
5072,105 N La Esperanza,,San Clemente,CA,92672
5073,8601 Wolftrap Rd.,,Vienna,VA,22182
5074,23 West Prospect Avenue,,Moorestown,NJ,8057
5075,17720 Ventura Blvd.,,Encino,CA,91316
5076,13517 Alta Vista Dr.,,Roanoke,TX,76262
5077,18310 Middletown Road,,PARKTON,MD,21120
5078,17720 Ventura Blvd.,,Encino,CA,91316
5079,8003 N. Boundary Rd.,,Balto,MD,21222
5080,7157 Northmoor Dr.,,University City,MO,63105
5081,345 Westchester Blvd.,,Slidell,LA,70458
5082,10114 Hwy. 6,,Hitchcock,TX,77563
5083,10114 Hwy. 6,,Hitchcock,TX,77563
5084,2256 S. Logan St.,,Denver,CO,80210
5085,5525 SW 84th St.,,Miami,FL,33143
5086,5525 SW 84th St.,,Miami,FL,33143
5087,815 Convent Road,,Syosset,NY,11791-3895
5088,14596 Oakridge Rd.,,Carmel,IN,46032
5089,300 W. Monroe,,Herrin,IL,62918
5090,450 Drake Ave.,,Middlesex,NJ,8846
5091,10526 Grandview Rd.,,Kansas City,MO,64137
5092,1001 39th Street NW,,Canton,OH,44709
5093,23225 Lyons Ave.,,Santa Clarita,CA,91321
5094,2255 Central Grove,,Toledo,OH,43614
5095,23225 Lyons Ave.,,Santa Clarita,CA,91321
5096,1752 Scheller Lane,,New Albany,IN,47150
5097,4801 Ilchester Rd.,,Ellicott City,MD,21043
5098,3801 North Miller Rd.,,Scottsdale,AZ,85251
5099,8151 Poplar Avenue,,Germantown,TN,38138
5100,8151 Poplar Avenue,,Germantown,TN,38138
5101,9825 Pino Ave.,,Lakeside,CA,92040
5102,531 Avenue A,,Westwego,LA,70094
5103,420 21st Street,,Alexandria,LA,71301
5104,3800 E. State St.,,Mercerville,NJ,8619
5105,2411 Commerce Blvd.,,Mound,MN,55364
5106,2411 Commerce Blvd,,Mound,MN,55364
5107,6600 Miami Lakeway North,,Miami Lakes,FL,33014
5108,10859 S. Ridgeland,,Chicago Ridge,IL,60415
5109,1504 Woodcrest Ave.,,Coraopolis,PA,15108
5110,170 Siebenthaler Ave.,,Cincinnati,OH,45215
5111,5510 Double Oak Lane,,Birmingham,AL,35242
5112,5510 Double Oak Lane,,Birmingham,AL,35242
5113,5510 Double Oak Lane,,Birmingham,AL,35242
5114,132 Orchard,,Northville,MI,48167
5115,132 Orchard,,Northville,MI,48167
5116,72-55 Austin Street,,Forest Hills,NY,11375
5117,72-55 Austin St.,,Forest Hills,NY,11375
5118,1600 Hwy. 2004,,Richwood,TX,77531
5119,90 Alexander Lane,,Solomons,MD,20688
5120,467 Fairford,,Grosse Pointe Woods,MI,48236
5121,4210 Harding Rd.,,Nashville,TN,37205
5122,1750 Edgehill Rd.,,Abington,PA,19001
5123,1825 West Park Road,,Salisbury,NC,28144
5124,405 N 5th St.,,Oxford,IN,47971
5125,2 Russell Place,,Forest Hills,NY,11375
5126,252-12 72nd Ave.,,Bellerose,NY,11426
5127,7000 21st Avenue,,Brooklyn,NY,11204
5128,86-10 114 Street,,Richmond Hill,NY,11418
5129,103-22 99th Street,,Ozone Park,NY,11417
5130,16711 Martincoit,,Poway,CA,92064
5131,302 Mellon Rd.,,Palatka,FL,32177
5132,101 Pirate Lane,,Melbourne,FL,32901
5133,901 Palmcroft Dr.,,Yuma,AZ,85364
5134,202 West Commercial St.,,Palmer,NE,68864
5135,6770 McCrimmon Pkwy.,,Cary,NC,27519
5136,20831 108th Ave. SE,,Kent,WA,98031
5137,405 North Hospital Dr.,,Paola,KS,66071
5138,115 N 5th St.,,LeSueur,MN,56058
5139,10950 S. Nicholson Rd.,,Oak Creek,WI,53215
5140,2312 Baxter Rd.,,Chesterfield,MO,63017
5141,14473 Middle Gibraltar Rd.,,Gibraltar,MI,48173
5142,407 E. Plainsmen Rd,,Prairie City,IA,50228
5143,1801 Ellington Rd. SE,,Conyers,GA,30013
5144,500 Peck Lane,,Orange,CT,6477
5145,4997 S. Miller Way,,Littleton,CO,80127
5146,4 William Penn Ave.,,Pennsville,NJ,8070
5147,3043 W. Scott Street,,Pensacola,FL,32505
5148,18677 Old Hwy. 37,,Leopold,IN,47551
5149,323 Ward Ave.,,Bordentown,NJ,8505
5150,1751 W. Indian School Rd.,,Phoenix,AZ,85015
5151,1100 Thousand Oaks Blvd.,,Georgetown,TX,78628
5152,5440 West Jones Bridge Road,,Norcross,GA,30092
5153,2700 St. Andrews Blvd.,,Boca Raton,FL,33434
5154,3737 Pine Road,,Huntingdon Valley,PA,19007
5155,201 Pine Street,,Wayland,MI,49348
5156,955 Peachtree Pkwy,,Cumming,GA,30041
5157,955 Peachtree Pkwy.,,Cumming,GA,30041
5158,955 Peachtree Pkwy.,,Cumming,GA,30041
5159,22 Holly Drive,,Smithtown,NY,11787
5160,901 Kings Rd.,,Schenectady,NY,12303
5161,8135 Majors Road,,Cumming,GA,300410
5162,6000 A St.,,Lincoln,NE,68510
5163,500 Plum St.,,Joshua,TX,76058
5164,1105 Pocopson Rd.,,West Chester,PA,19382
5165,1250 Polo Rd.,,Columbia,SC,29223
5166,17200 Manchester Rd.,,Grover,MO,63040
5167,150 Pond Road,,Robbinsville,NJ,8691
5168,120 High School Road,,Hyannis,MA,2601
5169,11 S. Sunset Rd.,,Willingboro,NJ,8077
5170,7014 Elroy Rd.,,Del Velle,TX,78617
5171,85 St. Joseph's Ave.,,Staten Island,NY,10302
5172,198 NW Marion,,Pt. St. Lucie,FL,34983
5173,122 West St.,,Portland,MI,48875
5174,4100 Barclay Ave.,,Brooksville,FL,34609
5175,312 N. Center,,Forrest,IL,61741
5176,6000 Dvorak Dr.,,Crystal Lake,IL,60012
5177,209 Lawrende St.,,Methuen,MA,1844
5178,401 N. French St.,,Arlington,WA,98223
5179,5100 Plano Parkway West,,Plano,TX,75093
5180,1209 Brushy Creek Rd.,,Taylors,SC,29686
5181,17520 Redwood Rd.,,Castro Valley,CA,94546
5182,883 Classon Ave.,,Brooklyn,NY,11225
5183,4575 Lawrenceville Hwy.,,Lilburn,GA,30047
5184,511 S. Buena Vista,,Burbank,CA,91505
5185,245 East 63 Street #1203,,New York,NY,10065
5186,25709 El Paso Rd.,,Caldwell,ID,83607
5187,4600 W. Costaro Farms,,Tucson,AZ,85742
5188,6611 Christopher Dr.,,St. Louis,MO,63129
5189,4409 Sano St.,,Alexandria,VA,22312
5190,5303 Phoenix NE,,Albuquerque,NM,87110
5191,839 Mill Rd.,,West Seneca,NY,14224
5192,3350 W. 103rd Street,,Evergreen Park,IL,60805
5193,3550 W. 103rd St.,,Chicago,IL,60655
5194,4227 Lone Oak Rd. SC,,Salem,OR,97302
5195,7659 S. Linder,,Burbank,IL,60423
5196,690 Elk Grove Blvd.,,Elk Grove Village,IL,60007
5197,4150 W. Hillsboro Blvd.,,Deerfield Beach,FL,33442
5198,2025 US Route 9W,,Ravena,NY,12143
5199,812 2nd St. SE,,Moultrie,GA,31768
5200,339 Nacoochee Dr.,,Rabun Gap,GA,30568
5201,4915 Garth Rd.,,Huntsville,AL,35802
5202,55-11 Queens Blvd.,,Woodside,NY,11377
5203,112 Broad St.,,Red Bank,NJ,7701
5204,215 Parkview Dr.,,Glasgow,KY,42141
5205,HC 61 Box 40,,Teec Nos Pos,AZ,86514
5206,HC 61 Box 40,,Teec Nos Pos,AZ,86514
5207,606 S. Avenue N.,,Crowley,LA,70526
5208,4000 St. Gerard Ave.,,Baton Rouge,LA,70805-2999
5209,19202 Chandler Street,,Gretna,NE,68028
5210,2100 Fenwick Ave.,,Eau Claire,WI,54701
5211,6300 S. Lewiston Way,,Aurora,CO,80016
5212,13413 E. 106 St. North,,Owasso,OK,74055
5213,9 Mill Rd.  P.O. Box 900,,Remsenburg,NY,11960
5214,402 N. Kings Highway,,Cherry Hill,NJ,8034
5215,1395 Hollenbeck Ave.,,Sunnyvale,CA,94024
5216,294 Sparta Ave.,,Sparta,NJ,7871
5217,6699 E. Livingston Ave.,,Reynoldsburg,OH,43068
5218,1100 Clarenoon St.,,West Sacramento,CA,95691
5219,52560 River High School Rd. PO Box 37,,Hannibal,OH,(740) 483-2321
5220,1701 River Road,,Elizabeth City,NC,27909
5221,115 Connie Wright Rd.,,Irmo,SC,29063
5222,7400 Parkside Dr.,,Parkland,FL,33067
5223,W153 N8681 Margaret Rd.,,Menomonee Falls,WI,53051
5224,905 E. Baker Street,,Plymouth,IN,46563
5225,800 Springs Creek Highway,,Crawfordville,FL,32327
5226,100 Smelter Ave.,,Great Falls,MT,59404
5227,536 Hamilton St.,,Roanoke Rapids,NC,27870
5228,800 Hamilton St.,,Roanoke Rapids,NC,27870
5229,628 West Oglethorpe,,Lyons,GA,30436
5230,6570 B. S. Broadway,,Littleton,CO,80121
5231,1238 Moreland Dr.,,Kingsport,TN,37664
5232,143 Greenhouse,,Lexington,VA,24450
5233,7900 Whittier Rd.,,Huntsville,AL,35802
5234,2901 Central Rd.,,Rolling Meadows,IL,60008
5235,605 E. Michigan,,Rolling Prairie,IN,46371
5236,3300 Prague Rd.,,Indianapolis,IN,46227-7096
5239,122 Kyserike Rd.,,Accord,NY,12404
5240,6600 W. 41st St.,,Sioux Falls,SD,57106
5241,190 Croton Ave.,,Ossining,NY,10562
5242,711 Summit Ave.,,River Edge,NJ,7661
5243,1340 N. Acacia Ave.,,Fullerton,CA,92831
5244,4151 Rosebud Road,,Loganville,GA,30052
5245,4151 Rosebud Road,,Loganville,GA,30052
5246,2565 Susquehanna Rd.,,Roslyn,PA,19001
5247,610 E. High Street,,Lockport,NY,14094
5248,1201 Floyd St.,,Lynchburg,VA,24501
5249,350 Hancock,,Gallatin,TN,37066
5250,8155 Rushville Rd.,,Rushville,OH,43150
5251,600 Barnegat Blvd. North,,Barnegat,NJ,8005
5252,115 Rutherford Rd.,,Stillwater,MN,55082
5253,1160 Huntingdon Pike,,Huntingdon Valley,PA,19006
5254,1715 W. Cesar Chavez,,Austin,TX,78703
5255,320 Fair Ave. NE,,New Philadelphia,OH,44622
5256,110 Thompson,,Troy,MO,63379
5257,22513 Garrison,,Dearborn,MI,48124
5258,324 3rd Ave. South,,Sauk Rapids,MN,56379
5259,110 Thompson Dr.,,Troy,MO,63379
5260,431 S Ivy,,Medford,OR,97501
5261,200 S. Franklin,,Mt. Pleasant,MI,48858
5262,47 Cathedral Avenue,,Hempstead,NY,11550
5263,1020 12th Ave SW,,Moose Jaw,SK,S6H 5X8
5264,329 Bishops Highway,,Kingston,MA,2364
5265,234 E. Cloud St.,,Salina,KS,67401
5266,234 E. Cloud,,Salina,KS,67401
5267,110 Humbolt,,Wadsworth,OH,44281
5268,399 Bishops Highway,,Kingtston,MA,2364
5269,399 Bishops Highway,,Kingston,MA,2364
5270,399 Bishops Highway,,Kingston,MA,2364
5271,109 N. Manoa Rd.,,Havertown,PA,19083
5272,218 St. 12th Street,,Osage,IA,50461
5273,1603 North 12th Ave.,,Pensacola,FL,32503
5274,250 S. Davis Drive,,Warner Robins,GA,31088
5275,301 N Burgher Ave.,,Staten Island,NY,10310
5276,17740 St. Route N,,St. Mary,MO,63673
5277,147 Chestnut Ridge Road,,Saddle River,NJ,7458
5278,10090 Old Perry Hwy,,Wexford,PA,15090
5279,529 Chalan San Antonio,,Tamuning,GU,96913
5280,119 S. Church St.,,Carrolltown,PA,16668
5281,1601 3 Mile Rd. N,,Traverse City,MI,49686
5282,15325 Woodard Rd.,,San Jose,CA,95124
5283,4009 Manchester Rd,,Akron,OH,44319
5284,2929 West Waikiki Rd.,,Spokane,WA,99208-9298
5285,765 Hilary Dr.,,Tiburon,CA,94920
5286,2280 Watertower Road,,Collegeville,MN,56321
5287,1909 Third Street,,Cuyahoga Falls,OH,44221
5288,1294 Albina Ave.,,Berkeley,CA,94706
5289,325 Mansion Street,,Mauston,WI,53948
5290,310 West 6th Street,,Wilmington,DE,19801
5291,1601 N. Tennessee Blvd.,,Murfreesboro,TN,37130
5292,5001 E. Thomas Rd.,,Phoenix,AZ,85018
5293,10429 Ravenna Rd.,,Twinsburg,OH,44087
5294,416 N. First St.,,Cary,IL,60013
5295,201 East Franklin,,Naperville,IL,60540
5296,201 East Franklin,,Naperville,IL,60540
5297,201 East Franklin,,Naperville,IL,60540
5298,201 E. Frankliln,,Naperville,IL,60540
5299,1,,Paul & Michael,St,(320) 251-7014
5300,6 Cavanaugh Ct,,West Chester,PA,19382
5301,6 Cavanaugh Ct,,West Chester,PA,19382
5302,22607 Lutheran Church Rd.,,Tomball,TX,77377
5303,400 W. Butler St.,,Saluda,SC,29138
5304,4501 Canterbury Dr.,,Bryan,TX,77802
5305,1406 N. Fresno St,,Fresno,CA,93703
5306,5805 St. Augustine Rd.,,Jacksonville,FL,32207
5307,800 Herndon Ln.,,Austin,TX,78704
5308,1,,Washington,,202.232.8345
5309,1980 W. San Xavier Rd.,,Tucson,AZ,85746
5310,126 Luke St.,,Mundelein,IL,60060
5311,8101 N. Torrey Pines Dr.,,Las Vegas,NV,89131-0209
5312,5000 Nowland Avenue,,Indianapolis,IN,46201
5313,224 Kershaw Street NE,,Aiken,SC,29801
5314,Westchester Ave.,,Rye,NY,10580-1940
5315,1875 Illion St.,,San Diego,CA,92110
5316,646 Hwy. 42 Box 198,,Kaiser,MO,65047
5317,3601 N. Milwaukee Av.,,Chicago,IL,60641
5318,114 Ontelaunee Dr.,,Leesport,PA,19533
5319,8401 Constitution,,St. Heights,MI,48313
5320,111 Barlow Mountain Rd.,,Ridgefield,CT,6877
5321,3514 Kenilworth Blvd.,,Sebring,FL,33870
5322,11 Mill Ridge Rd.,,Secaucus,NJ,7094
5323,501 N. Timmons,,Seminole,OK,74868
5324,4566 Ed George Rd,,Semmes,AL,36575
5325,23652 Antonio Pkwy.,,Rancho Santa Margarita,CA,92688
5326,1000 McNeilly Rd.,,Pittsburg,PA,15226
5327,654 FM 3433,,Rhome,TX,76078
5328,6747 Rock Hill Rd.,,St. Louis,MO,63123
5329,315 Academy Ave.,,Sewickley,PA,15201
5330,6100 Old Leeds Rd.,,Birmingham,AL,35210
5331,3179 Cornatzer Rd.,,Advance,NC,27006
5332,W172 N8959 Shady Lane,,Menomonee Falls,WI,53051
5333,880 Sharon School Rd,,Statesville,NC,28625
5334,686 School House Rd.,,Killington,VT,5751
5335,2303 Grantwood,,Parma,OH,44134
5336,8145 Majors Road,,Cumming,GA,30041
5337,8145 Majors Road,,Cumming,GA,30041
5338,15343 25th Ave. N.E.,,Shoreline,WA,98155-7394
5339,1621 Linwood,,Royal Oak,MI,48067
5340,3500 W. 13 Mile Rd.,,Royal Oak,MI,48073
5341,830 Tyrone Pike,,Versailles,KY,40383
5342,6179 greenacre rd,,toledo,SC,43615
5343,606 Lomas Sante Fe,,Solana Beach,CA,92075
5344,210 North Broadway,,Sleepy Hollow,NY,10591
5345,6534 N. 63rd Ave.,,Glendale,AZ,85301
5346,1135 Smith Rd.,,Temperance,MI,48182
5347,312 E. Broadway,,Sedalia,MO,65301
5348,1 Higbie Dr.,,Smithtown,NY,11787
5349,695 S. Commercial,,Smithville,MO,64089
5350,700 Duck Creek Parkway,,Smyrna,DE,19977
5351,555 West Hartsdale Ave.,,Hartsdale,NY,10530
5352,201 Forest Hill Dr.,,Everman,TX,76140
5353,866 East Broadway,,South Boston,MA,2127
5354,3801 Highway 79 South,,Rapid City,SD,57701-9609
5355,300 James T. Rogers Dr.,,Glasgow,KY,42141
5356,303 El Cerrito Ave.,,Hillsborough,CA,94010
5357,11060 US RT 11 North,,Adams,NY,13605
5358,850 Cut Off Road,,Smithland,KY,42081
5359,1601 Fremont Ave.,,South Pasadena,CA,91030
5360,1500 Fair Oaks Ave.,,S. Pasadena,CA,91030
5361,400 B St,,South San Francisco,CA,94080
5362,3737 S. 7th St.,,Terre Haute,IN,47802
5363,645 Greenway Trail,,Santa Rose Beach,FL,32459
5364,9184 Brooklet-Denmark Hwy.,,Brooklet,GA,30415
5365,901 Everhart Dr.,,Decatur,IN,46733
5366,8031 NE University,,Pleasant Hill,IA,50327
5367,13083 Buck Valley Rd.,,Warfordsburg,PA,17267
5368,28650 Lahser Rd.,,Southfield,MI,48034
5369,1331 Packerland Dr.,,Green Bay,WI,54304
5370,451 Eldron Blvd. SE,,Palm Bay,FL,32909
5371,50 Zion Hill Rd.,,Northfield,NH,3276
5372,4700 Jaguar Drive,,Hoover,AL,35242
5373,4700 Jaguar Drive,,Hoover,AL,35242
5374,1701 Skylyn Dr.,,Spartanburg,SC,29307
5375,10450 Joy Road,,Plymouth,MI,48170
5376,425 North Spoede Road,,St. Louis,MO,63144
5377,425 N. Spoede rd,,St Louis,MO,63141
5378,425 N. Spoede Rd.,,Creve Coeur,MO,63141
5379,3140 Mariner Blvd.,,Spring Hill,FL,34609
5380,4215 S 20 St.,,Omaha,NE,68107-2098
5381,1191 County Rd. 11,,Neenah,WI,54956
5382,2146 Jacksonville Rd.,,Jobstown,NJ,8041
5383,642 Taylor Rd.,,Port Orange,FL,32127
5384,801 State St.,,Alton,IL,62002
5385,2,,hyannis,,508 771 7233
5386,350 Emery Street,,Longmont,CO,80501
5387,514 Lincoln Street,,Fenton,MI,48430
5388,540A Line Rd,,Holmdel,NJ,7733
5389,220 W Downie Street,,Alma,MI,48801
5390,200 W. Galveston St,,Chandler,AZ,85225
5391,483 Old Post Rd,,Bedford,NY,10506
5392,127 Key Ave,,Wheeling,WV,26003
5393,1,,John the Evangelist,Ha,404-763-0359
5394,244 S. Main St,,Winchester,KY,40391
5395,440 Adams St.,,Milton,MA,2186
5396,531 S. Jefferson Ave.,,Springfield,MO,65806
5397,2024 N. Randolf St.,,Arlington,VA,22207
5398,530 Lafond Ave.,,St. Paul,MN,55103
5399,251 N. Amos,,Springfield,IL,62702
5400,12801 W. Fairmount Ave.,,Butler,WI,53007
5401,531 S. Jefferson St.,,Springfield,MO,65807
5402,1501 Chicago Rd.,,Chicago Heights,IL,60411
5403,400 Gleason Ave..,,Council Bluffs,IA,51503
5404,5535 W. State Rd.,,Burbank,IL,60459
5405,2025 Stuart Ave.,,Baton Rouge,LA,70808
5406,401 S. Bryn Mawr Ave.,,Bryn Mawr,PA,19010
5407,504 Jackson Ave.,,Ocean Springs,MS,39564
5408,5816 15th Ave. NW,,Seattle,WA,98107
5409,25 St. Alphonsus Road,,Silex,MO,63377
5410,209 10th Ave,,Langdon,ND,58249
5411,629 Glen Flora Ave.,,Waukegan,IL,60085
5412,7724 Columbine Dr.,,Louisville,KY,40258
5413,4081 Reed Rd.,,Columbus,OH,43220
5414,6720 B Union Mill Rd.,,Clifton,VA,20124
5415,324 N. Olive Ave,,West Palm Beach,FL,33401
5416,324 N. Olive Ave.,,West Palm Beach,FL,33401
5417,600 Hillside Ave.,,Charlotte,NC,28209
5418,2160 Stillman Rd.,,Cleveland Heights,OH,44118
5419,324 N. Olive Ave.,,West Palm Beach,FL,33401
5420,4404 Wisconsin Ave. NW,,Washington,DC,20016
5421,40 Brewster Ave.,,Yonkers,NY,10701
5422,2000 W. Texas,,Midland,TX,79701
5423,32451 Bear Brand Rd.,,Laguna Niguel,CA,92677
5424,1111 S. Cherry St.,,Tomball,TX,77375
5425,2132 Ivy Rd.,,Charlottesville,VA,22903
5426,2020 Kay Circle,,Columbus,GA,31907
5427,820 NE 3rd St.,,Fort Lauderdale,FL,33301
5429,12645 SW Pacific Highway,,Tigard,OR,97223
5430,34 West Nyack Rd.,,Nanuet,NY,10954
5431,275 Wolf Hill Rd.,,S. Huntington,NY,11797
5432,4320 Grand Ave.,,Des Moines,IA,50312
5433,67901 Howard St.,,Richmond,MI,48062
5434,1911 San Antonio Street,,Austin,TX,78705
5435,1911 San Antonio St.,,Austin,TX,78705
5436,1911 San Antonio Street,,Austin,TX,78705
5437,1911 San Antonio Street,,Austin,TX,78705
5438,5306 W. McFadden Ave.,,Santa Ana,CA,92704-1799
5439,10121 S. Longwood Dr,,Chicago,IL,60643
5440,10121 S. Longwood,,Chicago,IL,60643
5441,1,,Bronx,Ne,(718) 3258820
5442,9200 Olde Eight Rd.,,Northfield,OH,44067
5443,630 E. Wayzata Blvd.,,Wayzata,MN,55369
5444,4440 W. 83rd Street,,Chicago,IL,60652
5445,1053 Holland Rd.,,Holland,PA,18966
5446,165 Bethany Rd,,Holmdel,NJ,7733
5447,2306 Bedford St.,,Johnstown,PA,15904
5448,1313 83rd St.,,Brooklyn,NY,11228
5449,266 Main St.,,Northboro,MA,1532
5450,1214 Moylan Rd.,,Panama City Beach,FL,32407
5451,80 Univesity Blvd. East,,Silver Spring,MD,20901
5452,7600 S. 42nd,,Bellevue,NE,68147
5453,7602 Old Keene Mill Rd.,,Springfield,VA,22152
5454,300 Clairvaux,,Indiana,PA,15701
5455,2030 East 69th St.,,Brooklyn,NY,11234
5456,2020 24th Ave. S.,,Nashville,TN,37212
5457,6061 Valley Circle Blvd,,Woodland Hills,CA,91367
5458,6061 Valley Circle Blvd.,,Woodland Hills,CA,91367
5459,2001 Mt. Royal Blvd.,,Glenshaw,PA,15116
5460,1301 SW 136th Ave,,Davie,FL,33325
5461,16377 Bradbury Lane,,Huntington Beach,CA,92647
5462,215 Oak St.,,Oak Harbor,OH,43449
5463,128 North Buchanan,,Edwardsville,IL,62025
5464,4242 Brendan Lane,,North Olmsted,OH,44070
5465,604 Clifford Ave.,,Loves Park,IL,61111
5466,832 Worcester Rd.,,Framingham,MA,1702
5467,74 Main St.,,Manchester,CT,6248
5468,695 Stevens Avenue,,Portland,ME,4103
5469,130 W. Larkin,,Midland,MI,48640
5470,12901 Lewis St.,,Garden Grove,CA,92840
5471,206 North St.,,Manchester,NH,3104
5472,39 E. Bradford Ave.,,Cedar Grove,NJ,7009
5473,2501 Centerville Rd.,,Wilmington,DE,19808
5474,1618 Ben King Rd. NW,,Kennesaw,GA,30144
5475,17500 Peak Avenue,,Morgan Hill,CA,95037
5476,906 Eichelberger,,St. Louis,MO,63111-1603
5477,440 Norton Rd.,,Columbus,OH,43228
5478,1311 Sycamore Ave.,,Tustin,CA,92780
5479,521 N. Kansas,,Hastings,NE,68901
5480,12250 SW Fifth Street,,Beaverton,OR,97005
5481,4851 Camden Ave.,,Pennsauken,NJ,08110-1920
5482,526 Renson Road,,Hartland,WI,53029
5483,7107 Wilber,,Parma,OH,44129
5484,4910 Trier Rd.,,Fort Wayne,IN,46815
5485,3125 S. Schenley,,Youngstown,OH,44511
5486,20 Cushing Avenue,,Nashua,NH,3064
5487,2660 Niagara Falls Blvd.,,Tonawanda,NY,14150
5488,31622 HWY 6,,EDWARDS,CO,81632
5489,214 W. Third,,O'Fallon,IL,62269
5490,2524 N.. Orchard,,Chicago,IL,60614
5491,2524 N. Orchard,,Chicago,IL,60614
5492,3610 Claire Ave.,,Gretna,LA,70053
5493,4725 E. Pima,,Tucson,AZ,85712-3520
5494,PO Box 368,,Hopewell Jct.,NY,12533
5495,18105 West Capitol Dr.,,Brookfield,WI,53045
5496,18105 W. Capitol Dr.,,Brookfield,WI,53045
5497,215 S. Valley Center,,Glendora,CA,91741
5498,2120 Veale Rd.,,Wilm,DE,19810
5499,200 S. Oak Park Ave.,,Oak Park,IL,60302
5500,2474 Ocean Ave.,,Brooklyn,NY,11229
5501,2474 Ocean Ave.,,Brooklyn,NY,11229-3916
5502,4212 S. Mead St.,,Seattle,WA,98118
5503,4343 W. Sunnyside Ave.,,Chicago,IL,60630
5504,33866 Calle La Primavera,,Dana Point,CA,92629
5505,3020 11th Street,,Rockford,IL,61109
5506,190 Thompson Lane,,Nashville,TN,37211
5507,6646 Addicks Satsuma,,Houston,TX,77084
5508,1375 Main St.,,Shrub Oak,NY,10588
5509,9539 Racquet Ct.,,Elk Grove,CA,95758
5510,2016 Willis Lane,,Keller,TX,76248
5511,300 Fairmont Blvd,,Rapid City,SD,57701
5512,917 Montrose Road,,Rockville,MD,20852
5513,150 Cedar St.,,Wilmington,DE,19805
5514,110 S. Oak Ave.,,Primos,PA,19018
5515,130 E 3rd Street,,Wabasha,MN,55981
5516,3131 N. Mason Ave.,,Chicago,IL,60634
5517,1735 Charbonier Rd.,,Florissant,MO,63031
5518,15643 SW Oregon St,,Sherwood,OR,97140
5519,3535 N. Panaora,,Chicago,IL,60634
5520,4100 NW 115th Terrace,,Gaine,FL,32606
5521,45 Beach City Rd.,,Hilton Head Island,SC,29926
5522,11 S. Buesching Rd,,Lake Zurich,IL,60047
5523,917 South 47th St.,,Philadelphia,PA,19143
5524,500 Camden Avenue,,Salisbury,MD,21801
5525,2221 Barrington Dr.,,Toledo,OH,43607
5526,500 Camden Ave.,,Salisbury,MD,21801
5527,2100 N. Germantown Pkwy,,Cordova,TN,38016
5528,853 N. Socora,,Wichita,KS,67212
5529,2270 E. Stadium Blvd.,,Ann Arbor,MI,48104
5530,7075 Ashworth Rd.,,West Des Moines,IA,50266
5531,817 Juniper St.,,Brainerd,MN,56401
5532,490 St. Joseph Street,,Iota,LA,70543
5533,2707 Pamoa Rd.,,Honolulu,HI,96822
5534,2614 Seneca,,St. Joseph,MO,64507
5535,612 E. Washington,,Medina,OH,44256
5536,15 School St.,,Sumter,SC,29150
5537,33 Cross St.,,Hyannis,MA,2601
5538,18 W. Sharm Ave.,,Cincinnati,OH,45246
5539,9935 Johnny Cake Ridge Rd.,,Mentor,OH,44060
5540,2550 41st Ave.,,San Francisco,CA,94116
5541,233 Mohawk Ave.,,Norwood,PA,19704
5542,14024 Community St.,,Panorama City,CA,91402
5543,15 Lamont Ave.,,Glenalden,PA,19036
5544,6700 West 167th St.,,Tinley Park,IL,60477
5545,4974 Heege Rd.,,St. Louis,MO,63123
5546,4433 W. Willow Hwy.,,Lansing,MI,48917
5547,4433 W. Willow Hwy.,,Lansing,MI,48917
5548,200 N. University Dr.,,Plantation,FL,33324
5549,4680 Nottingham Way,,Hamilton Square,NJ,8690
5550,5343 Virginia Beach Blvd.,,Virginia Beach,VA,23462
5551,1801 Union St.,,Schenectady,NY,12309
5552,930 Grove Ave.,,Edison,NJ,8820
5553,6401 Harding Rd.,,Nashville,TN,37205
5554,5303 W. Main St.,,Belleville,IL,62226
5555,255 Flagstaff Lane,,Hoffman Estates,IL,60194
5556,3245 Arden Way,,Sacramento,CA,95825
5557,3650 Springhill Ave.,,Mobile,AL,36608
5558,200 Clark Ave.,,Yuba City,CA,95991
5559,603 W. Broad St.,,Quakertown,PA,18951-1283
5560,201 Broad St.,,Sewickley,PA,15143
5561,409 N. 1st. St.,,Rockford,IL,61107
5562,6111 Cheviot Rd.,,Cincinnati,OH,45247
5563,1204 St. James Ct,,Madison,WI,53715
5564,120 Water Street,,Danielson,CT,6239
5565,800 N. Arlington Heights Rd.,,Arlington Heights,IL,60004
5566,140 North Ave.,,Highwood,IL,60040
5567,9525 Old Georgetown Rd.,,Bethesda,MD,20814
5568,320 San Carlos Ave.,,El Cerrito,CA,94530
5569,5950 Heatherdowns Blvd,,Toledo,OH,43614
5570,230 Law Street,,Aberdeen,MD,21001
5571,22415 Overlake,,St. Clair Shores,MI,48080
5573,1005 Fortune Ave.,,Panama City,FL,32401
5574,1915 SE Lake Weir Rd.,,Ocala,FL,34471
5575,721 Polo Rd.,,Columbia,SC,29223
5576,12115 SW 107 Ave.,,Miami,FL,33176
5577,259 Lafayette Ave.,,Palmerton,PA,18071
5578,309 Montrose Dr.,,Folsom,CA,95630
5579,7301 Old Madison Pike,,Huntsville,AL,35806
5580,8414 Opossomtown Pike,,Frederick,MD,21702
5581,42 Maynard Road,,Old Saybrook,CT,6476
5582,Valley Rd,,Clark,NJ,7066
5583,OS 259 Church St.,,Winfield,IL,60190
5584,845 2nd Ave. NW,,New Brighton,MN,55112
5585,638 Mill St.,,Excelsior,MN,55331
5586,508 Park Avenue,,Harrison,OH,45030
5587,1170 Montawk Hwy,,West Islip,NY,11795
5588,240 Arnold St,,Hapeville,GA,30354
5589,128 S. Audubon Dr.,,San Antonio,TX,78212-1520
5590,628 Big Oak Rd.,,Morrisville,PA,19067
5591,6200 S. Orange Blossom Trail,,Orlando,FL,32809
5592,2319 Bagley St.,,Flint,MI,48504
5593,540 A Line Rd.,,Holmdel,NJ,7733
5594,26 Landis Ave.,,Staten Island,NY,10305
5595,583 W. Grand,,Hot Springs,AR,71901
5596,39 Pleasant St.,,Brunswick,ME,4011
5597,5901 Airport Hwy.,,Toledo,OH,43615
5598,1857 Watertower Rd. PO Box 4000,,Collegeville,MN,56321
5599,122 N. 2nd Street,,Wahpeton,ND,58075
5600,357 S. Washington,,Tiffin,OH,44883
5601,79 Chapel St.,,Monroeville,OH,44847
5602,94-651 Farrington Hwy.,,Waipahu,HI,96797
5603,223 S. Missouri Ave,,Lakeland,FL,33815
5604,905 High St.,,Macon,GA,31201
5605,745 Ezzard Charles Drive,,Cincinnati,OH,45203
5606,12917 E. Maple Grove Rd,,Mt. Hope,KS,67108
5607,201 N. Division St.,,Harvard,IL,60033
5608,1200 E. 10th Street,,Stuart,FL,34996
5609,535 Avenue M NW,,Winter Haven,FL,33881
5610,925 South 2nd St.,,Hamilton,OH,45011
5611,2320 Huntington Tpke,,Trumbull,CT,6611
5612,145 Plainfield Ave.,,Metuchen,NJ,8840
5613,850 Hylan Blvd,,Staten Island,NY,10305
5614,32 W. Minnesota St.,,St. Joseph,MN,56374
5615,202 North 4th Street,,Yakima,WA,98901
5616,202 N 4th Street,,Yakima,WA,98908
5617,933 Hamlet St.,,Columbus,OH,43235
5618,933 Hamlet St.,,Columbus,OH,43201
5619,75 Brenton Rd.,,Newport,RI,2840
5620,2617 Waterloo Rd.,,Mogadore,OH,44260
5621,133 North Third St.,,Hammonton,NJ,8037
5622,25 W. 6th St.,,Jim Thorpe,PA,18229
5623,133 North Third St.,,Hammonton,NJ,8037
5624,40 Chestnut Ridge Road,,Montvale,NJ,7645
5625,20 Jefferson St.,,Newton,NJ,7860
5626,700 18th Ave. E,,Seattle,WA,98112
5627,1940 S. 77th St.,,Lincoln,NE,68506
5628,56 Oak Terrace,,Haverhill,MA,1832
5629,221 Park Place,,Libertyville,IL,60048
5630,502 Front Street,,Conway,AR,72032-5408
5631,175 North 8th St.,,Ponchatoula,LA,70454
5632,2200 N. Gomez,,Tampa,FL,33607
5633,425 East Washing St.,,Howell,MI,48843
5634,247 Second Ave. SE,,Swift Current,SK,S9H-3J3
5635,105 Church Lane,,Cockeysville,MD,21030
5636,2 N. Alton St.,,Freeburg,IL,62243
5637,2460 Gold St.,,Redding,CA,96001
5638,1225 Gallatin Pike South,,Madison,TN,37115
5639,19812 Cantlay St.,,Winnetka,CA,91306
5640,19812 Contlay Street,,Winnetka,CA,91306
5641,2307 S. Lindbergh Blvd.,,St. Louis,MO,63131-3596
5642,8625 Byron Ave.,,Miami Beach,FL,33141-4834
5643,20 Jefferson St.,,Newton,NJ,7860
5644,10911 N Knoxville Avenue,,Peoria,IL,61615
5645,2048 Fairview Ave.,,Montgomery,AL,36108
5646,3700 1st Ave. NW,,Cedar Rapids,IA,52405
5647,323 W. Butler Ave.,,Chalfont,PA,18914
5648,9150 Highland Rd.,,Baton Rouge,LA,70810
5649,7171 Glenridge Drive,,Atlanta,GA,7708049248
5650,550 Newman Springs Rd.,,Lincroft,NJ,7738
5651,W173 S7777 Westwood Drive,,Muskego,WI,53150
5652,2901 Popkins Ln.,,Alexandria,VA,22309
5653,11421 Hague Road,,Fishers,IN,46038
5654,2114 St. Joseph Blvd.,,Austin,TX,78757
5655,12500 Clarksville Pike,,Clarksville,MD,21029
5656,1914 Aycock Street,,Arabi,LA,70032
5657,133 156th Ave. SE,,Bellevue,WA,98007
5658,3035 Drexel Ave.,,Racine,WI,53403
5659,215 21st. Ave. SW,,Cedar Rapids,IA,52404-3625
5660,1305 Davidson Rd.,,Brookfield,WI,53045
5661,2896 S. Congress Ave.,,Palm Springs,FL,33461
5662,5521 Cloverly Ave.,,Temple City,CA,91780
5663,25515 Eshelman Ave.,,Lomita,CA,90717
5664,7318 N. Oakley Ave.,,Chicago,IL,60645
5665,7813 Shelbyville Rd.,,Louisville,KY,40222
5666,123 N. 61st Street,,Omaha,NE,68132
5667,1716 A Churchville Rd.,,Bel Air,MD,21015
5668,6610 80th St.,,Middle Village,NY,11379
5669,9972 Vale Road,,Vienna,VA,22181
5670,9972 Vale Road,,Vienna,VA,22181
5671,1201 Alma Dr.,,Plano,TX,75075
5672,26 Melvin,,Catonsville,MD,21228
5673,1100 W. Grand River Ave,,Okemos,MI,48864-3015
5674,1100 W. Grand River Ave.,,Okemos,MI,48864
5675,2825 Klondike Lane,,Louisville,KY,40218
5676,115 S. Frederick Ave.,,Gaithersburg,MD,20879
5677,105 Market St.,,Mt. Clemens,MI,48043
5678,401 North St.,,Chardon,OH,44024
5679,222 Central Avenue,,Dover,NH,3820
5680,530 Decatur St.,,Sandusky,OH,44870
5681,129 S. Division,,Plainfield,IL,60544
5682,8615 7th Ave. SE,,Everett,WA,98208
5683,9 Sharpley Rd.,,Wilmington,DE,19803
5684,1716 Singleton Blvd,,Dallas,TX,75212
5685,1716 Singleton Blvd,,Dallas,TX,75212
5686,8540 Mentor Ave.,,Mentor,OH,44060
5687,237 South Broad St.,,Elizabeth,NJ,7202
5688,1220 Monte Sano Ave.,,Augusta,GA,30904
5689,735 Union Rd.,,Vineland,NJ,8360
5690,85 Chester Ave.,,Cranston,RI,2920
5691,255 County Rd. K,,Fond du Lac,WI,54935
5692,10601 Dexter-Pinckney,,Pinckney,MI,48169
5693,401 East 7th St.,,Rome,GA,30161
5694,14601 E. 4th Avenue,,Spokane Valley,WA,99216
5695,18350 Highway 18,,Apple Valley,CA,92307
5696,735 Union Rd.,,Vineland,NJ,8360
5697,22600 Camp Calvert Rd.,,Leonardtown,MD,20650
5698,265 Baker St.,,Berea,OH,44017
5699,600 Veirs Mill Rd.,,Rockville,MD,20852
5700,1019 South 7th St.,,Temple,TX,76504
5701,7207 Annapolis Rd.,,Landover Hills,MD,20784
5702,183 High Ridge Ave.,,Ridgefield,CT,6877
5703,86 Shannon St.,,Middlebury,VT,5753
5704,2001 S. 5th,,Sioux Falls,SD,57105
5705,6833 S. Prince St.,,Littleton,CO,80120
5706,795 Havens Corners Rd.,,Gahanna,OH,43230
5707,1230 NE 127th,,Seattle,WA,98125
5708,1015 E. Dayton,,South Bend,IN,46613
5709,533 Sneed Rd.,,Franklin,TN,37069
5710,3316 Sandra Lane,,Virginia Beach,VA,23464
5711,1767 Blanding Blvd.,,Jacksonville,FL,32210
5712,9300 w beloit rd,,milwaukee,WI,53227
5713,20874 Ventura Blvd.,,Woodland Hills,CA,91364
5714,810 High House Rd.,,Cary,NC,27513
5715,3431 St. Michael Blvd.,,Canton,OH,44718
5716,18 High St.,,Hudson,MA,1749
5717,27 Crittenden Street,,Newark,NJ,7104
5718,601 North Palafox St.,,Pensacola,FL,32501
5719,314 West Willow Ave.,,Wheaton,IL,60187
5720,8231 S. Shore Dr.,,Chicago,IL,60617
5721,228 N. 4th St.,,Fernandina Beach,FL,32034
5722,15542 Pomerado Rd.,,Poway,CA,92064
5723,16560 Three Notch Rd.,,Ridge,MD,20680
5724,301 N Orange Grove Blvd,,Pasadena,CA,91103
5725,4140 Walnut Hill Lane,,Dallas,TX,75229
5726,5635 N. Santa Monica Blvd,,Whitefish Bay,WI,53217
5727,5635 N. Santa Monica Blvd,,Whitefish Bay,WI,53217
5728,242 S. Washington St.,,Wilkes-Barre,PA,18701
5729,1817 Walters,,Northbrook,IL,60062
5730,6 Greenlawn Rd.,,Paoli,PA,19301
5731,226 Elm St.,,London,OH,43140
5732,412 N. Jackson,,Decatur,IL,62523
5733,305 Lincoln Ave,,Janesville,WI,53548
5734,305 Lincoln Ave,,Janesville,WI,53548
5735,1831 Stevens,,Parsons,KS,67357
5736,2116 Lowery St.,,Lufkin,TX,75904
5737,1620 Marlborough Rd,,Fayetteville,NC,28304
5739,122 West St.,,Portland,MI,48875
5740,1001 Orndorf Dr.,,Brighton,MI,48116
5741,449 South 19th,,Terre Haute,IN,47803
5742,1125 Buchanan St.,,Charlotte,NC,28203
5743,125 Austin St.,,Portsmouth,NH,3801
5744,1001 Orndorf,,Brighton,MI,48116
5745,175 St. Patrick St.,,McEwen,TN,37101
5746,305 Lincoln St.,,Janesville,WI,53545
5747,250 James St.,,Burlington,NJ,8016
5748,187 Wyckoff Ave.,,Ramsey,NJ,7446
5749,140 S. Northwest Hwy,,Park Ridge,IL,60068
5750,1580 Brown St.,,Akron,OH,44301
5751,306 W. Grizzard St.,,Tullahoma,TN,37388
5752,312 N. VanBuren St.,,Wilmington,DE,19805
5753,161 Dogwood Lane,,Mobile,AL,36608
5754,3445 Hamlin Road,,Lafayette,CA,94549
5755,7129 Co. Hwy. K,,Middleton,WI,53562
5756,2560 Tilson Rd.,,Decatur,GA,30032
5757,415 Atlantic Ave.,,Point Pleasant Beach,NJ,8742
5758,900 St. Peter Street,,Antioch,IL,60002
5759,433 W. Church St.,,Somerset,PA,15501
5760,120 Mayfair Rd.,,Warwick,RI,2888
5761,175 Somerset St.,,New Brunswick,NJ,8901
5762,6400 Charlotte,,Kansas City,MO,64131
5763,812 S. Main St.,,Pasadena,TX,77506
5764,3601 66th Street,,Urbandale,IA,501322
5765,348 Dudley Rd,,Edgewood,KY,41017
5766,2950 Ilger,,Toledo,OH,43606
5767,2200 North Elm St.,,Greensboro,NC,27408
5768,6905 Blondo,,Omaha,NE,68104
5769,2674 Johnson Rd.,,Atlanta,GA,30345-1720
5770,22105 58th Avenue West,,Mountlake Terrace,WA,98043
5771,2750 Tucker Road,,Nashville,TN,37218
5772,3878 Highland Avenue,,White Bear Lake,MN,55110
5773,321 Wood Rd.,,South Yarmouth,MA,2664
5774,20 W. Van Dusen,,Springfield,MN,56087
5775,7301 Bass Lake Rd.,,Crystal,MN,55428
5776,6000 Jamieson Ave.,,St. Louis,MO,63109
5777,100 Holly Dr.,,Jackson,MS,39206
5778,12525 Inwood Rd,,Dallas,TX,75244
5779,3801 Russell Rd.,,Alexandria,VA,22305
5780,1325 Royal Ave,,Simi Valley,CA,93065
5781,115 N. Biesecker Rd.,,Thomasville,PA,17364
5782,300 Kings Highway,,Haddon Heights,NJ,08035-1329
5783,21 Church St.,,East Hartford,CT,6108
5784,500 Mull Ave.,,Akron,OH,44320
5785,1506 Washington St.,,Michigan City,TN,46360
5786,500 Reading Rd.,,Mason,OH,45040
5787,6040 w. Ardmore Ave.,,Chicago,IL,60646
5788,27 E. Evesham Rd.,,Runnemede,NJ,8078
5789,417 Edgewood Lane,,Albany,GA,31763
5790,5600 Main St.,,Kansas City,MO,64113
5791,5600 Main St.,,Kansas City,MO,64113
5792,20762 S. Nunneley,,Clinton Twp.,MI,48035
5793,311 Shopshire NW,,Albuquerque,NM,87107
5794,6622 Haskell,,Houston,TX,77007
5795,1200 BRIDGE STREET,,NEW CUMBERLAND,PA,17070
5796,40 St. Theresa Ave.,,West Roxbury,MA,2132
5797,1200 Bridge Street,,New Cumberland,PA,17070
5798,55 Rosemond,,Trumbull,CT,6611
5799,55 Rosemond Terrace,,Trumbull,CT,6611
5800,2222 Lower Huntington Rd.,,Fort Wayne,IN,46819
5801,765 14th Ave.,,Paterson,NJ,7504
5802,810 5th Street,,International Falls,MN,56649
5803,13720 West Thomas Rd.,,Avondale,AZ,85323
5804,20 Athol St.,,Buffalo,NY,14220
5805,3741 Abrams Rd,,Dallas,TX,75214
5806,601 Bristol Pike,,Croydon,PA,19021
5807,1232 Garfield Ave.,,Marinette,WI,54143
5808,341 E. Norwich St.,,Milwaukee,WI,53207
5809,2801 SW 12 Street,,Ft. Lauderdale,FL,33312
5810,302 S. Second St.,,Waterford,WI,53185
5811,428 S Fort Thomas Ave,,Ft. Thomas,KY,41075
5812,4180 North Amber Dr,,Brooklyn,OH,44144
5813,134 Fort Couch Rd.,,Pittsburgh,PA,15241
5814,920 Carmichael,,Chapel Hill,NC,27514
5815,300 Fairmont Blvd,,Rapid City,SD,57701
5816,300 Fairmont Blvd,,Rapid City,SD,57701
5817,300 Fairmont Blvd,,Rapid City,SD,57701
5818,133 Thomas More Dr.,,Magnolia,DE,19962
5819,1625 W. Highland Ave.,,Elgin,IL,60123
5820,428 S. Ft. Thomas Ave,,Ft. Thomas,KY,41075
5821,265 King St.,,Crystal Lake,IL,60014
5822,5400 SW 102 Ave.,,Miami,FL,33165
5823,3660 Vineyard Place,,Cincinnati,OH,45226
5824,1010 South Nine Mile Rd.,,Kawkawlin,MI,48631
5825,25875 Hope,,Redford,MI,48239
5826,1213 E. Oakton,,Arlington Heights,IL,60004
5827,4246 S. Eastern Ave.,,Las Vegas,NV,89119
5828,1416 20th Ave.,,Monroe,WI,53566
5829,1704 Heiman St.,,Nashville,TN,37217
5830,1007 W. St. Joseph,,Perryville,MO,63775
5831,5809 Main St.,,Mays Landing,NJ,8330
5832,127 Key Ave.,,Wheeling,WV,26003
5833,1754 Montgomery Rd.,,Cincinnati,OH,45236
5834,420 Florida Street,,Vallejo,CA,94590
5835,238 Speedwell Avenue,,Morris Plains,NJ,7950
5836,15 S. Jefferson St.,,New Castle,PA,16101-4696
5837,915 S. Jefferson St.,,New Castle,PA,16101
5838,227 E. Main St.,,New Prague,MN,56071
5839,4725 St. Wendel-Cynthiana Rd.,,Wadesville,IN,47638
5840,300 N Wood St.,,Fostoria,OH,44830
5841,135 O'Flaherty,,Walled Lake,MI,48390
5842,3130 Jefferson Davis Highway,,Stafford,VA,22554
5843,4125 St. William Ave.,,Cincinnati,OH,45205
5844,2001 Jackson Avenue,,Seaford,NY,11783
5845,920 Carmichael St,,Chapel Hill,NC,27514
5846,600 Lower Station Camp Creek Rd.,,Gallatin,TN,37066
5847,4500 Steekee School Rd.,,Loudon,TN,37774
5848,7654 Herschel Ave.,,La Jolla,CA,92037
5849,1119 South Cherry St.,,Tomball,TX,77375
5850,15500 Stephen S. Wise Dr.,,Los Angeles,CA,90077
5851,334 N. Hudson Ave.,,Stillwater,NY,12170
5852,PO Box 12  904 Stillwater Rd.,,Stillwater,NJ,7875
5853,8025 US Hwy. 158,,Stokesdale,NC,27357
5854,9101 Rockville Pike,,Bethesda,MD,20814
5855,13350 Beach St.,,Cerritos,CA,90703
5856,701 W. Schaumburg Rd.,,Streamwood,IL,60107-1299
5857,502 St. Leo St.,,Lafayette,LA,70501
5858,2160 California Crossroads,,California,KY,41007
5859,3619 X Street,,Omaha,NE,68107
5860,12:09.4,,Paul,an,(320) 251-5295
5861,721 E. Lincoln Hwy.,,Exton,PA,19341
5862,2800 Wallace Avenue,,Terre Haute,IN,47802
5863,2800 Wallace Avenue,,Terre Haute,IN,47802
5864,226 Black Oak Blvd.,,Summerville,SC,29485
5865,2161 Grandin Rd.,,Cincinnati,OH,45208
5866,720 County Rd. C,,Sobieski,WI,54171
5867,11601 Main Street,,Sunol,CA,94586
5868,1424 S. Promenade Lane,,Gilbert,AZ,85296
5869,12025 Etris Rd.,,Roswell,GA,30075
5870,705 East Third St.,,Sweetwater,TX,79556
5871,5757 Cooper Rd.,,Cincinnati,OH,45242
5872,100 Tower Dr.,,Dubuque,IA,52003-8074
5873,1321 University Ave. SE,,St. Cloud,MN,56304
5874,1321 University Dr SE,,St Cloud,MN,56304
5875,3992 Route 2,,Troy,NY,12180
5876,4360 N. Rome Ave.,,Tampa,FL,33603
5877,5630 Hwy. 53 East,,Tate,GA,30177
5878,1501 Barley Mill Rd.,,Wilmington,DE,19807
5879,111 Trojan Trail,,Macon,GA,31210
5880,61 Summer St.,,Taunton,MA,2780
5881,1907 Bailey Ave,,Chattanooga,TN,37404
5882,6330 Tennyson St.,,Arvada,CO,80003
5883,4 Testing Only,,Taylors,SC,29687
5884,11007 Blenheim Dr.,,Oakton,VA,22124
5885,3900 Stansbury Ave.,,Sherman Oaks,CA,91423
5886,2800 edison highway,,baltimore,MD,21213
5887,2800 Edison Highway,,Baltimore,MD,21213
5890,1451 E. Northgate Drive,,Irving,TX,75062
5891,12401 S. Post Oak Rd.,,Houston,TX,77045
5892,1562 Main St.,,Mohrsville,PA,19541
5893,201 Kinkaid School Dr.,,Houston,TX,77024
5894,120 School Dr.,,Forest City,NC,28043
5895,99 Valley Rd.,,Katonah,NY,15036-1705
5896,PO Box 9180,,Rancko Santa Fe,CA,92067
5897,3600 West 96th St.,,Indianapolis,IN,46268
5898,5707 Royal Lane,,Dallas,TX,75229
5899,10027 Rose,,Bellflower,CA,90705
5900,2900 Pin Oak Dr.,,Temple,TX,76502
5901,301 West 18th Street,,Newton,NC,28658
5902,188 W. Butterfield Rd.,,Elmhurst,IL,60126
5903,6111 W. 175th St.,,Tinley Park,IL,60477
5904,40 Glann Rd.,,Apalachin,NY,13732
5905,40 Glann Rd.,,Apalachin,NY,13732
5906,223 W. Broadway,,Tipp City,OH,45371
5907,45 Ingham Road,,Briarcliff Manor,NY,10510
5908,30330 Quinn Rd.,,Tomball,TX,77375
5909,101 Kirkwood St.,,Marce Island,FL,34145
5910,14110 Beech St.,,Hesperia,CA,92345
5911,PO Box 310,,Ardmore,PA,19003
5912,2200 W. Carson St.,,Torrance,CA,90501
5913,10830 Calle Marde Mariposa,,San Diego,CA,92130
5914,10830 Calle Mar de Mariposa,,San Diego,CA,92130
5915,2525 Haine Dr.,,Harlingen,TX,78550
5916,175 Leonard Ave.,,Hamilton,NJ,8610
5917,98 Promise Lane,,Franklin,NC,28734
5918,2600 SW 42nd St.,,Ocala,FL,34474
5919,1087 Kellogg St.,,Green Bay,WI,54303-3113
5920,1700 E. Trinity Blvd,,Montgomery,AL,36106
5921,9400 Benavides Rd. SW,,Albuquerque,NM,87121
5922,180 N. Date,,Truth or Consequences,NM,87901
5923,373 Harmon Field Rd.,,Tryon,NC,28782
5924,441 Turkey Hill Rd.,,Orange,CT,6477
5925,441 Turkey Hill Rd.,,Orange,CT,6477
5926,2211 S. 55th,,Kansas City,KS,66106
5927,420 Rice Valley Rd.,,Tuscaloosa,AL,35406
5928,199 Front St.,,Saxton,PA,16678
5929,Highway 51 PO Box 146,,Broseley,MO,63932
5930,PO Box 229  229 Kickapoo,,South Haven,KS,67140
5931,265 Main St.,,Unadilla,NY,13849
5932,100 Southern Avenue E,,Underwood,MN,56586
5933,100 Southern Avenue E,,Underwood,MN,56586
5934,1600 Martine Ave.,,Scotch Plains,NJ,7076
5935,RR1 Box 72,,Biggsville,IL,61418
5936,1800 Tremont NW,,Grand Rapids,MI,49503
5937,1300 Jarvis Rd.,,Sicklerville,NJ,8081
5938,8400 S. Cambridge,,Detroit,MI,48221-1699
5939,6801 Orient Road,,Tampa,FL,33610
5940,5520 University Blvd. W,,Jacksonville,FL,32216
5941,421 N. Arcadia,,Tucson,AZ,85711
5942,8400 S. Cambridge Ave.,,Detroit,MI,48221
5943,2100 W. Fairy Chasm Rd.,,Milwaukee,WI,53217
5944,2000 Edgehill avenue,,Nashville,TN,37212
5945,2000 Edgehill Ave.,,Nashville,TN,37212
5946,2000 Edgehill Ave.,,Nashville,TN,37212
5947,415 South Main St. Box 190,,Upsala,MN,56384
5948,3511 Pontius Ct.,,Ijamsville,MD,21754
5949,2635 State St.,,New Orleans,LA,70118
5950,1600 Uthoff Dr.,,Fenton,MO,63026
5951,3616 Holmes Ave.,,Huntsville,AL,35816
5952,W180 N8130 Town Hall Rd.,,Menomonee Falls,WI,53051
5953,3555 N. Milwaukee,,Boise,ID,83704
5954,900 Ave. A Northwest,,Great Falls,MT,59404
5955,1877 Vanderlyn Dr.,,Dunwoody,GA,30338
5956,174 Vassar Rd.,,Poughkeepsie,NY,12630
5957,400 N. Lafayette Ave.,,Ventnor,NJ,8406
5958,2131 E. Lincoln Dr.,,Phoenix,AZ,85016
5959,268 Prittstown Rd.,,Mt. Pleasant,PA,15666
5960,1507 19th St.,,Vero Beach,FL,32960
5961,2235 Lime Rock Rd.,,Vestavia Hills,AL,35216
5962,103 Hendrickson Ave.,,Brick,NJ,8723
5963,105 Hendrickson Ave.,,Brick,NJ,8724
5964,5001 NE 50th St.,,Seattle,WA,98105
5965,801 S. Spoede,,St. Louis,MO,63131
5966,1130 Holland Rd.,,Holland,PA,18966
5967,3335 Country Club Rd.,,Bronx,NY,10465
5968,376 W. Upper Ferry Rd.,,Ewing,NJ,8628
5969,455 Western Ave.,,Morristown,NJ,7960
5970,PO Box 189,,Vinemont,AL,35179
5971,1601 Tarboro St.,,Wilson,NC,27896
5972,256 County Rd. Rt. 513,,Glen Gardner,NJ,8826
5973,4115 Shady Rd.,,Youngstown,OH,44505
5974,307 E 6th St,,Litchfield,MN,55355
5975,4238 Westport Rd.,,Louisville,KY,40014
5976,3250 Victory Pkwy.,,Cincinnati,OH,45207
5977,4550 wyoga lake rd,,cuyahoga falls,OH,44224
5978,4550 Wyoga Lake Rd.,,Cuyahoga Falls,OH,44224
5979,1100 Jamestown Road,,Williamsburg,VA,23185
5980,1,,Williamsburg,VA,
5981,1590 Bill Murdock Rd.,,Marietta,GA,30062
5982,625 West Park Ave.,,Defuniak Springs,FL,32433
5983,1224 S. St. Rd. 263,,West Lebanon,IN,47991
5984,19801 Prevost,,Detroit,MI,48235
5985,High Street,,East Machias,ME,4630
5986,3706 N. Grand Blvd.,,Peoria,IL,61614
5987,50 Rogers Avenue,,Lockport,NY,14094
5988,2601 Dairy Rd.,,Garland,TX,75041
5989,406 S. East Ave.,,Waukesha,WI,53186
5990,801 E. Lincoln St.,,Waupun,WI,53963
5991,7500 Milwaukee Avenue,,Wauwatosa,WI,53213
5992,735 Dayton Rd.,,Waynesville,OH,45068
5993,16 East Rd.,,Weare,NH,3281
5994,3230 Nob Hill Rd.,,Sunrise,FL,33351
5995,500 Great East Neck Rd,,West Babylon,NY,11704
5996,500 Great East Neck Rd.,,West Babylon,NY,11704
5997,301 Moore St.,,West Cape May,NJ,08204-1199
5998,2826 West 1800 North,,Clinton,UT,84015
5999,400 Clark Blvd.,,McMinnville,TN,37110
6000,2911 Kingswood,,Grand Prairie,TX,75052
6001,376 Barbara Way,,Hillsborough,CA,94010
6002,5500 McEver Rd.,,Oakwood,GA,30566
6003,376 Barbara Way,,Hillsborough,CA,94010
6004,1787 182N St. RR2 Box 115,,Inwood,IA,51240
6005,480 Hwy. 3127,,Edgard,LA,70049
6006,476 W. Main St.,,Mt. Orab,OH,45154
6007,1901 Frankfort Rd.,,Georgetown,KY,90324
6008,90 Oak St.,,Natick,MA,2493
6009,5601 N. Federal Hwy.,,Ft. Lauderdale,FL,33308
6010,10900 Ladue Rd.,,St. Louis,MO,63141
6011,444 Wellesley St.,,Weston,MA,2493
6012,9540 Bramell,,Detroit,MI,48239
6013,1000 Rebel Way,,Sloan,IA,51055
6014,5800 Ridgewood Rd,,St. Cloud,MN,56303
6015,11999 Martin,,Warren,MI,48093
6016,5800 Ridgewood Rd.,,St. Cloud,MN,56303
6017,5800 Ridgewood Road,,St. Cloud,MN,56303
6018,400 East Ann St.  PO Box 580,,Weyauwega,WI,54983
6019,77 14th Street,,Wheeling,WV,26003
6020,17 West Whisconier Rd.,,Brookfield,CT,6804
6021,514 S. Perkins,,Memphis,TN,38117
6022,305 8th Street North,,Great Falls,MT,59401
6023,9115 E. 13th St.,,Wichita,KS,67206
6024,111 Lexington Ave.,,Shirley,NY,11967
6025,4915 Red Birch Dr.,,Arlington,TX,76018
6026,1700 Coolidge Ave.,,Willow Grove,PA,19038
6027,555 Morewood Ave.,,Pittsburgh,PA,15213
6028,9800 Dunbarton Dr.,,Columbia,SC,29223
6029,PO Box 5000 233 S. 3rd Ave.,,Winneconne,WI,54986
6030,8640 McKinley,,Centerline,MI,48015
6031,5321 E. Livingston Ave.,,Columbus,OH,43232
6032,11717 Madison St.,,Thornton,CO,80233
6033,225 Winter St.,,Laconia,NH,3246
6034,301 S. 25th Street,,Terre Haute,IN,47803
6035,301 S. 25th Street,,Terre Haute,IN,47803
6036,2010 Towne Lake Hills South Drive,,Woodstock,GA,30189
6037,201 N. Sprague Ave.,,Kingston,PA,18704
6038,181 Randolph Rd.,,Middletown,CT,6457
6039,1071 Regents Glen Blvd.,,York,PA,17403
6040,9 Caledon Court,,Greenville,SC,29615
6041,holmberg,,parkland,FL,33076
6042,,,Washington,DC,
6043,,,Aberdeen,MD,
6044,,,Brick,NJ,
6045,,,Columbus,OH,
6046,,,Mohrsville,PA,
6047,,,Philadelphia,PA,
6048,,,Oakton,VA,
6049,,,Rock Island,Il,
6050,,,Rock Island,Il,
6051,,,Atlanta,GA,
6052,,,Bronx,Ne,
6053,,,New York,NY,
6054,,,Hartland,WI,
6055,,,Cincinnati,Oh,
6056,,,Elk Grove Village,IL,
6057,,,Park Hills,KY,
6058,,,Dallas,TX,
6059,,,Montgomery,AL,
6060,,,Traverse City,MI,
6061,,,Mound,MN,
6062,,,Michigan City,IN,
6063,,,Park Hills,KY,
6064,,,Pittsburg,PA,
6065,,,Williamsburg,VA,
6066,,,South Portland,ME,
6067,,,Cumming,GA,
6068,,,Nashville,TN,
6069,,,Brighton,MI,
6070,,,New Rochelle,NY,
6071,,,Lincroft,NJ,
6072,,,New York,NY,
6073,,,Mobile,AL,
6074,,,Virginia Beach,VA,
6075,,,Pontiac,MI,
6076,118 Lakeview Dr,,New Rochelle,NY,29617
6077,,,New Orleans,LA,
6078,,,Red Bank,NJ,
6079,,,Watchung,NJ,
6101,46 Peachtree Way NE,,Atlanta,GA,30305
6104,16035 S. 48th Street,,Phoenix,AZ,85048
6105,133 156th Ave. SE,,Bellevue,WA,98007
6106,410 E 13th St.  PO Box 1329,,Dalhart,TX,79022
6107,259 Church St.,,Winfield,IL,60190
6108,1001 North Silvery Lane,,Dearborn,MI,48128
6109,1410 Good Hope Rd.,,Mechanicsburg,PA,17050
6111,9115 E 13th St.,,Wichita,KS,67206
6112,2700 St. Andrews Blvd.,,Boca Raton,FL,33434
6113,417 Weidman Rd.,,Manchester,MO,63011
6114,25 St. Alphonsus Rd.,,Silex,MO,63377
6115,245 East 63 Street,,New York,NY,
6116,2 Henry C Luthin Pl,,Bogota,NJ,7603
6118,2125 S. 11th Street,,Chesterton,IN,46304
6119,6601 Carlisle St,,Terre haute,IN,47802
6120,One Carmel Parkway,,Mundelein,IL,60060
6121,13910 East 126th Street,,Fishers,IN,46037
6122,1000 Buccaneer Drive,,Hoover,AL,35244
6123,2,,Inc,Ta,
6124,920 Carmichael St,,Chapel Hill ,NC,27514
6125,2801 sw 12 street,,Fort lauderdale,FL,33312
6126,302 W State St,,Mahomet,IL,61853
6127,49 Clinton Avenue,,Dobbs Ferry,NY,10522
6128,501 Bourdeax St.,,Jacksonville,NC,28540
6129,3650 Springhill Ave.,,Mobile,AL,36608
6130,4700 Jaguar Drive,,Hoover,AL,35242
6131,720 S. Cable Rd,,Lima,OH,45805
6132,315 Academy Ave,,Sewickley,PA,15143
6133,11319 W Godsell,,Hales Corners,WI,53130
6134,1100 Jamestown Road,,Williamsburg,VA,23185
6135,4801 Ilchester Road,,Ellicott City,MD,21043
6136,2929 W. Waikiki Rd,,Spokane,WA,99208
6137,952 Arlington Ave.,,St. Paul,MN,55117
6138,4205 48th Street,,Moline,IL,61265
6139,975 Robinson Road ,,Peachtree City,GA,30269
6140,421 Court St.,,Chilton,WI,53014
6141,12500 Clarksville Pike,,Clarksville,MD,21029
6142,12525 Inwood Rd,,Dallas,TX,75244
6143,200 N.University Dr.,,Plantation,FL,33324
6144,rock creek,,portland,OR,97229
6145,4100 Colgate,,Dallas,TX,75225
6146,4210 Harding Pike,,Nashville,TN,37205
6147,100 Southern Avenue East,,Underwood,MN,56586
6149,5600 Main St.,,Kansas City,MO,64113
6150,1 east 91st street,,new york,NY,10128
6151,324 North Olive Avenue,,West Palm Beach,FL,33401
6152,955 peachtree parkway,,Cumming,GA,30041
6153,695 Stevens Avenue,,Portland,ME,4103
6154,t,,t,TN,t
6155,8940 Union Centre Blvd,,West Chester,OH,45069
6156,1501 S. 48th St,,Omaha,NE,68106
6157,34001 Cedar Road,,Gates Mills,OH,44040
6158,9715 Summit Avenue,,Kensington ,MD,20895
6159,8151 Poplar Avenue,,Germantown,TN,38138
6161,112 Broad St.,,Red Bank,NJ,7701
6162,1645 Route 22 West,,Watchung,NJ,7069
6163,7300 Parkside Drive,,Parkland,FL,33067
6164,5620 Hauserman,,Parma,OH,44130
6165,570 Parsons Ave.,,Chillicothe,OH,45601
6166,603 West Broad Street,,Quakertown,PA,18951
6167,414 Michigan St.,,Petoskey,MI,49770
6168,145 West Street,,Edwardsville,IL,62025
6169,8400 S. Cambridge,,Detroit,MI,48221
6170,603 W. Broad Street,,Quakertown,PA,18951
6171,4200 Federal Blvd.,,Denver,CO,80211
6172,7075 Ashworth Rd,,West Des Moines,IA,50266
6173,23225 Lyons Ave.,,Santa Clarita,CA,91321
6174,983 Napa St.,,Napa,CA,94559
6207,255 Wilmot Road,,New Rochelle,NY,10804
6208,63 Pequonnock Ave,,Bridgeport,CT,6604
6209,333 Jeremiah Blvd.,,Charlotte,NC,28262
6210,2450 Miramar Blvd,,university heights,OH,44118
6211,300 E. Eagle Road,,Havertown,PA,19083
6212,380 E. Hickory Grove Rd.,,Bloomfield Hills,MI,48304
6213,5125 S. Apopka-Vineland Rd,,Orlando,FL,32819
6214,33866 Calle La Primavera,,Dana Point,CA,92629
6215,14131 Seneca Road,,Darnestown,MD,20874
6216,39 East Bradford Ave.,,Cedar Grove,NJ,7009
6217,1225 Cooper Avenue,,Turlock,CA,95380
6218,300 Fairmont Blvd,,Rapid City,SD,57701
6219,600 Driscoll Rd,,Fremont,CA,94539
6220,682 Palm St.,,San Luis Obispo,CA,93401
6221,538 Church St.,,Middletown,NJ,7748
6222,907 New Road,,Wilmington,DE,19805
6223,907 New Road,,Wilmington,DE,19805
6224,550 NE 16th Ave,,Gainesville,FL,32601
6225,1122 Long Avenue,,Richland,WA,99354
6226,1401 22nd Street South,,Birmingham,AL,35205
6227,555 7th Avenue,,Granite Falls,MN,56241
6228,452 E. Bow St.,,Elkton,MD,21921
6229,1300 Giddings,,Pontiac,MI,48340
6230,19812 Cantlay St.,,Winnetka,CA,91306
6231,81 Lacy Street,,Marietta,GA,30060
6232,7303 SW 64 Street,,Miami,FL,33143
6233,240 Arnold St,,HAPEVILLE,GA,30354
6234,4433 W Willow Hwy,,Lansing,MI,48917
6235,9972 Vale Road,,Vienna,VA,22181
6236,1331 N. Miranda St.,,Las Cruces,NM,88005
6237,1300 Casazza Drive,,Reno,NV,89502
6238,9183 Broadview Rd.,,Broadview Heights,OH,44147
6239,131 East Fort Lee Rd.,,Bogota,NJ,7603
6240,1194 Rulison Ave.,,Cinncinnati,OH,45238
6241,147 Chestnut Ridge Road,,Saddle River,NJ,7458
6242,8100 Roos Rd.,,Houston,TX,77036
6243,2100 N. Germantown Pkwy,,Cordova,TN,38016
6244,540A Line Rd,,Holmdel,NJ,7733
6245,1,,Elementary,Ak,
6246,750 West 26th Street,,Marion,IN,46953
6247,1,,CT),Sh,12039220161
6248,3316 Sandra Ln.,,Virginia Beach,VA,23464
6249,781 Grove Street,,Worcester,MA,1605
6250,511 South Buena Vista St,,Burbank,CA,91505
6251,2896 South Congress ave,,Palm Springs,FL,33461
6252,2450 NE 27th St.,,Bend,OR,97701
6253,t,,t,TN,2651
6254,247 W. 23rd Street,,Chicago,IL,60616
6255,237 4th Street,,Elyria,OH,44035
6256,3344 S 16th Street,,Milwaukee,WI,53215
6257,N. 4515 Alberta,,Spokane,WA,99021
6258,215 S. Eureka Street,,Redlands,CA,92373
6259,155 County Road 24,,Wayzata,MN,55391
6260,140 S. Oxford Avenue,,McSherrystown,PA,17344
6261,1321 SE University Drive,,St. Cloud,MN,56304
6262,1300 Jade Road,,St. Joseph,MN,56374
6263,2600 County Road 136  ,,St. Cloud,MN,56301
6265,1215 B Street,,Davis,CA,95616
6266,372 Highland Lane,,Brynmawr,PA,19010
6267,401 S. Bryn Mawr Avenue,,Bryn Mawr,PA,19010
6268,201-28th Street,,Richmond,CA,94804
6269,12917 E Maple Grove Rd,,Mount Hope,KS,67108
6270,4420 SW St. Mary's Drive,,Beaverton,OR,97078
6271,3200 McCullough,,San Antonio,TX,78212
6272,1400 Parkway Plaza,,Houston,TX,77077
6273,205 Milwaukee Ave,,Waterloo,WI,53594
6274,607 Seventh Avenue,,Belmar,NJ,7719
6275,907 New Rd.,,Wilmington,DE,19805
6277,106 St Marys Pl,,Laurel,MD,20707
6279,223 Chittenden Road,,Chittenden,VT,5737
6280,144 Granite St,,Worcester,MA,1604
6281,2855 Briarcliff Road NE,,Atlanta,GA,30329
6282,80 University Blvd,,Silver Spring,MD,3015939042
6283,265 Benham Street,,Hamden,CT,6514
6284,6923 Stow Road,,Hudson,OH,44236
6285,777-3rd Street NE,,New Philadelphia,OH,44663
6286,2832 Rosebud Drive,,Cinncinnati,OH,45238
6287,210 West 4th Street,,Minneota,MN,56264
6289,6905 Blondo,,Omaha,NE,68104
6291,3700 Devine Street,,Columbia,SC,29205
6292,1 Seton Court,,St. Charles,MO,63303
6293,711 Hooper Avenue,,Toms River,NJ,8753
6294,1734 Bower Hill Rd.,,Pittsburg,PA,15243
6295,1699 Hilton Drive,,Park Hills,KY,41011
6296,579 Boston Avenue,,Medford,MA,2155
6297,1601 N. TN Blvd,,Murfreesboro,TN,37130
6298,656 Brandywine Drive,,State College,PA,16801
6299,656 Brandywine Drive,,State College,PA,16801
6300,14 Main Street North,,St. Michael,MN,55376
6301,612 East Washington St.,,Medina,OH,44256
6302,2278 Booksin Avenue,,San Jose ,CA,95125
6303,247 Broadway,,Saratoga Springs,NY,12866
6304,180 Ulster Avenue,,Walden,NY,12586
6305,385 Lumen Christi Lane,,Salisbury,NC,28147
6306,385 Lumen Christi Lane,,Salisbury,NC,28147
6307,3660 Vineyard Pl.,,Cincinnati,OH,45226
6308,3601 66th ST,,Urbandale,IA,50322
6310,1720 NW 19th St.,,Redmond,OR,97756
6311,7303 SW 64th Street,,Miami,FL,33143
6313,805 East Northern Avenue,,Crowley,LA,70526
6314,1225 Burmont Road,,Drexel Hill,PA,19026
6315,31 Empire Blvd.,,Rochester,NY,14609
6316,10 Waldron Ave.,,Barrington,RI,2806
6317,1033 Virginia Street,,Charleston,WV,304-342-1259
6318,480 South Bryn Mawr Avenue,,Bryn Mawr,PA,19010
6319,7129 Co Rd K,,Middelton,WI,53562
6321,453 N. Notre Dame Avenue,,South Bend,IN,46617
6322,7705 Georgia Ave,,Washington,DC,20012
6323,13911 W. Laurel Drive,,Lake Forest,IL,60045
6324,25 Graham Street,,Biddeford,ME,4005
6326,249 Bebout Ave.,,Stirling,NJ,7980
6327,108 E. Liberty St.,,Lancaster,PA,17602
6328,3000 Reeves Rd.,,Warren,OH,44483
6329,2 Teibrook Ave,,Syosset,NY,11791
6330,377 Highland Blvd.,,Paducah,KY,42003
6331,127 East Pike Street,,Clarksburg,WV,26301
6332,931 Byers Ave,,Joplin,MO,64801
6333,3601 S Lowell Blvd,,Denver,CO,80236
6334,1580 Brown Street,,Akron,OH,44301
6335,1880 Northam Road,,Upper Arlington,OH,43221
6336,2731 Center Road,,Poland,OH,44514
6337,1326 6th Avenue,,Huntington,WV,25701
6338,175 Phelan Ave,,San Francisco,CA,94112
6340,545 North Oak Street,,Reedsburg,WI,53959
6341,PO Box 250,,Fredonia,WI,53021
6342,7301 Old Madison Pike,,Huntsville,AL,35806
6344,2620 Margaret Street North,,Saint Paul,MN,55109
6345,9000 Babcock Blvd.,,Allison Park,PA,15101
6346,316 W. Mill Street,,Wauconda,IL,60084
6349,1322 Sleepy Hollow Road,,Ft. Wright,KY,41011
6351,291 CENTRAL PARK WEST,,NEW YORK,NY,10024
6352,215 S. Eureka St.,,Redlands,CA,92373
6353,10424 St Stephen Cir,,Riverview,FL,33569
6354,33 Cottage Place,,Montclair,NJ,7042
6355,2125 S 11th St,,Chesterton,IN,46304
6356,405 Allendale road,,King of Prussia,PA,19406
6357,5800 Ridgewood Road,,St. Cloud,MN,56303
6358,48 Negus Street,,Webster,MA,1570
6359,233 West Chery Street,,Shenandoah,PA,17976
6361,300 Fairmont Blvd,,Rapid City,SD,57701
6362,123 Orchard,,Northville,MI,48164
6364,15325 Pinehurst St,,Detroit,MI,48238
6365,11421 Hague Rd,,Fishers,IN,46038
6366,1183 Russell Drive,,Mt. Pleasant,SC,`29464
6367,3316 Sandra Ln,,Virginia Beach,VA,23464
6368,13000 Promise Rd,,Fishers,IN,46038
6369,248 New Ballwin Road,,Ballwin,MO,63021
6370,19  ST. Patrick Lane,,Rolla,MO,65401
6371,6 Bartlett Avenue,,Nashua,NH,3064
6373,Ingham Road,,Briarcliff Manor,NY,10510
6374,315 Academy Ave,,Sewickley,PA,15143
6378,14813 Paramount Blvd,,Paramount,CA,90723
6379,905 Kentucky Avenue,,San Antonio,TX,78201
6380,905 Kentucky Avenue,,San Antonio,TX,78201
6381,1600 Eagle Way,,Lake Villa,IL,60046
6383,1900 Washington Boulevard,,Easton,PA,18042
6384,550 NE 16 avenue,,Gainesville,FL,32601
6385,958 Epps Bridge Parkway,,Athens,GA,Pattie Thurston
6386,243 East 211 street,,Queens,NY,11056
6387,711 E Gish Road,,San Jose,CA,95112
6388,1968B Sandbridge Rd.,,Virginia Beach,VA,23456
6389,1160 Huntingdon Pike,,Huntingdon Valley,PA,19006
6390,3312 Park Lane Dr,,Birmingham,AL,35226
6392,117 Caldwell Drive,,Hendersonville,TN,37075
6393,9049 NW 53rd Manor,,Coral Springs,FL,33067
6394,1600 Eagle Way,,Lake Villa,IL,60046
6395,29300 W. 11 Mile Rd.,,Farmington Hills,MI,48336
6396,711 Hooper Ave.,,Toms River,NJ,8753