school_id,billing_address,billing_address2,billing_city,billing_state,billing_zip
4041,,,,,
4042,146 S. Granite St.,,Prescott,AZ,86303
4043,220 Jefferson Ave,,Cresskill,NJ,7626
4044,,,,,
4045,,,,,
4046,,,,,
4047,11321 Bullis Rd.,,Lynwood,CA,90262
4048,768 S Maple,,Avoca,IA,51521
4049,,,,,
4050,2501 W 5th Ave.,,Brodhead,WI,53520
4051,,,,,
4052,,,,,
4053,25631 Peter A. Hartman Way,,Mission Viejo,CA,92691
4054,,,,,
4055,,,,,
4056,,,,,
4057,,,,,
4058,,,,,
4059,,,,,
4060,,,,,
4061,,,,,
4062,810 S. Oak Avenue,,Sanford,FL,32771
4063,,,,,
4064,,,,,
4065,,,,,
4066,,,,,
4067,,,,,
4068,17500 Church St. PO Box 278,,Alva,FL,33920
4069,,,,,
4070,PO Box 490,,Birdsboro,PA,19508
4071,25 Newton Rd.,,Woodbridge,CT,6525
4072,100 Ohman Avenue,,Orange,CT,6477
4073,,,,,
4074,300 Garfield St. SW,,Bondurant,IA,50035
4075,Andrews Elementary,13072 County Line Rd,Andrews,SC,
4076,13072 County Line Road,,Andrews,SC,29510
4077,2315 A&M Avenue,,San Angelo,TX,76904
4078,130 Beattie Ave.,,Lockport,NY,14094-5099
4079,,,,,
4080,600 E. Canal St. PO Box 279,,Ansonia,OH,45303-0279
4081,,,,,
4082,,,,,
4083,,,,,
4084,,,,,
4085,1348 Griffin Mill Rd.,,Easley,SC,29640
4086,244 W. Harrison Blvd.,,Aransas Pass,TX,78336
4087,10300 SW 167th Ave.,,Miami,FL,33196
4088,1 Holy Cross Blvd,,Akron,OH,44306
4089,1 Holy Cross Blvd.,,Akron,OH,44306
4090,1 Holy Cross Blvd.,,Akron,OH,44306
4091,,,,,
4092,,,,,
4093,,,,,
4094,,,,,
4095,PO Box 1259 522 W. Hamlet Ave.,,Hamlet,NC,28345
4096,,,,,
4097,,,,,
4098,,,,,
4099,,,,,
4100,2345 Greyhound Dr.,,Augusta,KS,67010
4101,,,,,
4102,,,,,
4103,1701 North 9th Ave.,,Virginia,MN,55792-2172
4104,234,,bafatvictoryacademy@ymail.com,,
4105,,,,,
4106,,,,,
4107,,,,,
4108,750 S. Eagle Valley Rd.,,Wingate,PA,16823-4740
4109,101 Second Ave.,,Baraboo,WI,53913-2494
4110,,,,,
4111,,,,,
4112,355 East Chicago St.,,Elgin,IL,60120
4113,701 Schick Rd,Bartlett,,IL,60103
4114,,,,,
4115,,,,,
4116,1901 egroodt Rd,,Palm Bay,FL,32908
4117,PO Box 30,,Baytown,TX,77522
4118,,,,,
4119,PO Box 159,,Katy,TX,77492-0159
4120,1325 9th St SE,,Dyersville,IA,52040
4121,,,,,
4122,,,,,
4123,30205 Menifee Rd.,,Menifee,CA,92584
4124,,,,,
4125,N84 W16579 Menomonee Ave.,,Menomonee Falls,WI,53051
4126,840 North Broad Street,,Elizabeth,NJ,7208
4127,6502 Seawright Drive,,Savannah,GA,31406
4128,,,,,
4129,,,,,
4130,204 N. Cox St..,attn. Karen Greer,Benton,AR,72015
4131,,,,,
4132,450 9th Ave.,,Granite Falls,MN,56241
4133,6491 NW Connery Terrace,,Portland,OR,97229
4134,348 S. Cassingham Rd.,,Columbus,OH,43209-1897
4135,,,,,
4136,,,,,
4137,,,,,
4138,32000 Campbell Rd,,Madison Heights,MI,48071
4139,,,,,
4140,,,,,
4141,2202 60th Street,,Brooklyn,NY,11204
4142,,,,,
4143,9750 Ferguson Road,,Dallas,TX,75228
4144,,,,,
4145,,,,,
4146,,,,,
4147,,,,,
4148,,,,,
4149,,,,,
4150,1018 Grandview,,Sioux City,IA,51105
4151,3516 Turner Lane,,Chevy Chase,MD,20815
4152,,,,,
4153,,,,,
4154,,,,,
4155,,,,,
4156,521 S. 13th Street,,LaCrosse,WI,54601
4157,,,,,
4158,,,,,
4159,,,,,
4160,,,,,
4161,,,,,
4162,120 Lowery Place SE,,Ft. Walton Beach,FL,32548
4163,244 W. Harrison Blvd.,,Aransas Pass,TX,78336
4164,,,,,
4165,,,,,
4166,650 Hughes Road,,Madison,AL,35758
4167,PO Box 8,,Lumberton,NJ,8048
4168,2 Henry C Luthin Place  Attn. R. Hanik,,Bogota,NJ,7603
4169,,,,,
4170,,,,,
4171,,,,,
4172,1008 N. Hena St.,,Greenville,IL,62246
4173,400 Garfield SW,,Bondurant,IA,50035
4174,300 Garfield SW,,Bondurant,IA,50035
4175,,,,,
4176,318 Ward Avenue,,Bordentown,NJ,8505
4177,PO Box 512,,Fowler,IN,47944
4178,PO Box 128,,Moncks Corner,SC,29461
4179,,,,,
4180,,,,,
4181,,,,,
4183,975 Robinson Road,Peachtree City,,GA,30269
4184,3051 Ira E. Woods Ave.,,Grapevine,TX,76051-3897
4185,959 Beach Rd.,,Angola,NY,14006
4186,,,,,
4187,,,,,
4188,,,,,
4189,301 E Evans Blvd.  PO Box 947,1061,Brigantine,NJ,
4190,,,,,
4191,,,,,
4192,,,,,
4193,,,,,
4194,601 Second St.,,McFarland,CA,93250
4195,3643 Center Rd.,,Brunswick,OH,44212
4196,,,,,
4197,,,,,
4198,,,,,
4199,,,,,
4200,,,,,
4201,1619 Eleventh Ave.,,Moline,IL,61265-3198
4202,PO Box 1018,,Ft. Valley,GA,31030
4203,,,,,
4204,,,,,
4205,,,,,
4206,6111 Fairdale Rd.,,Cambridge,OH,43725-8865
4207,114 W. Sheboygan St.,,Campbellsport,WI,53010
4208,,,,,
4209,,,,,
4210,,,,,
4211,775 Waldo Rd.,Campbell,Campbell,CA,95008
4212,,,,,
4213,1601 W Mt Harmony Rd,,Owings,MD,20736
4214,,,,,
4215,,,,,
4216,,,Carlisle,OH,45005
4217,,,,,
4218,9340 Baseline Rd.,,Alta Loma,CA,91701
4219,102 N. 5th St.,,Carrizo Springs,TX,78834
4220,,,,,
4221,,,,,
4222,,,,,
4223,599 Roosevelt Ave.,,Carteret,NJ,7008
4224,2520 12th Ave. East,,North St. Paul,MN,55109
4225,,,,,
4226,,,,,
4227,PO Box 279,,Farley,IA,52046
4228,,,,,
4229,,,,,
4230,5606 South 147th St,,Omaha,NE,68137
4231,,,,,
4232,1200 East High St,,Springfield,OH,45505
4233,,,,,
4234,,,,,
4235,,,,,
4236,,,,,
4237,,,,,
4238,2800 edison highway,baltimore,baltimore,MD,21213
4239,1720 Ave. K PO Box 129,,Eunice,NM,88231-0129
4240,PO Box 549,,Ithaca,NY,14851
4241,,,,,
4242,200 Western Blvd.,,Lanoka Harbor,NJ,8734
4243,12420 Lincoln Lake Ave. NE,,Greenville,MI,48838
4244,,,,,
4245,14445 Diamond Path,,Rosemount,MN,55068-4199
4246,5776 S. Crocker St.,,Littleton,CO,80120-2094
4247,,,,,
4248,,,,,
4249,,,,,
4250,,,,,
4251,6611 West 171st St.,,Tinley Park,IL,60477
4252,1145 Saguare Common,,Fremont,CA,94539
4253,PO Box 1256,,Huntsville,AL,35807
4254,536 Hamilton St.,,Roanoke Rapids,NC,27870-9990
4255,3688 Chamblee-Dunwoody Rd.,,Chamblee,GA,30341
4256,,,Decatur,GA,30032-1099
4257,,,,,
4258,130 Beattie Ave.,,Lockport,NY,14094-5099
4259,,,,,
4260,,,,,
4261,740 Unionville Rd.,,Kennett Square,PA,19348-1531
4262,PO Box 1010,,Newton,NC,28658
4263,Charleston Catholic,,1033 Virginia Street,East,Charleston
4264,244 W. Harrison Blvd.,,Aransas Pass,TX,78336
4265,,,,,
4266,,,,,
4267,1419 Cedarwood Court,,Charlottesville,VA,22903
4268,Chattanooga Christian School,3354 Charger Drive,Chattanooga,TN,37409
4269,,,,,
4270,,,,,
4271,111 East North St.,,Eureka,MO,63025-1229
4272,,,,,
4273,2125 S. 11th Street,,Chesterton,IN,46304
4274,,,,,
4275,,,,,
4276,530 W. Main St.,,Chilton,WI,53014
4277,,,,,
4278,,,,,
4279,,,,,
4280,,,,,
4281,1183 Russell Drive,Mt. Pleasant,Mt. Pleasant,SC,29464
4282,,,,,
4283,46 Peachtree Way,,Atlanta,GA,30305
4284,1122 Long Avenue,,Richland,WA,
4285,,4764,,,
4286,,,,,
4287,,,,,
4288,,,,,
4289,,,,,
4290,31155 State Hwy 225,,Spanish Fort,AL,36527
4291,Christ the King Catholic School,3401 Tidewater Drive,Norfolk,VA,23509
4292,,,,,
4293,164 Hopkins Ave,,Haddonfield,NJ,8033
4294,,,,,
4295,,,,,
4296,,,Nashville,TN,37212
4297,3105 Belmont Blvd,,Nashville,TN,37212
4298,831 S. 88th St.,,Omaha,NE,68114
4299,831 S. 88th St.,,Omaha,NE,68114
4300,,,,,
4301,,,,,
4302,199 Hawthorn Lane,,Atoka,TN,38004
4303,200 Glass Ave. PO Box 609,,Hopkinsville,KY,42241-0609
4304,,,,,
4305,,,,,
4306,17200 Pinehurst Ln.,,Huntington Beach,CA,92647
4307,,,,,
4308,190 Croton Ave.,,Ossining,NY,10562
4309,2700 W. 15th St.,,Plano,TX,75075
4310,,,,,
4311,306 1st Ave. North,,Clear Lake,IA,50428
4312,,,,,
4313,PO Box 338,,Middletown,CA,95461
4314,20932 Big Canyon Road,Middletown,Middletown,CA,95461
4315,,,,,
4316,,,,,
4317,5050 Barranca Parkway,,Irvine,CA,92604-4698
4318,,,,,
4319,,,,,
4320,PO Box 147  345 Plainfield Ave.,,Berkeley,NJ,7922
4321,,,,,
4322,,,,,
4323,,,,,
4324,,,,,
4325,,,,,
4326,,,,,
4327,PO Box 2950,,Chandler,AZ,85244-2950
4328,,,,,
4329,4 Executive Dr. PO Box 181,,Monmouth Junction,NJ,8852
4330,1 East 91st Street,,New York,NY,10128
4331,,,,,
4332,,,,,
4333,,,,,
4334,,,,,
4335,,,,,
4336,970 Highland Ave.,,Abington,PA,19001
4337,1203 W. Pioneer Pkwy.,,Arlington,NJ,76013
4338,,,,,
4339,,,,,
4340,105 East Evergreen Rd.,,Lebanon,PA,17042-7595
4341,,,,,
4342,,,,,
4343,5530 Hogue Road,,Evansville,IN,47712
4344,,,,,
4345,,,,,
4346,8255 W Forest Hill Ave,,Franklin,WI,53132-9705
4347,,,,,
4348,,,,,
4349,820 East 29th Box 158,,South Sioux City,NE,88776
4350,,,,,
4351,20932 Big Canyon Rd. PO Box 338,,Middletown,CA,95461
4352,,,,,
4353,,,,,
4354,,,,,
4355,,,,,
4356,,,,,
4357,15601 US Highway 150,,Paris,IL,61944
4358,,,,,
4359,2915 E. Ramsey Ave.,,Cudahy,WI,53110
4360,,,,,
4361,4820 East 71st St.,,Cleveland,OH,44125
4362,4820 East 71st St.,,Cleveland,OH,44125
4363,1812 Welsh Avenue,,College Station,TX,77840-4800
4364,3740 Medody Mizer Ln.,,Cumming,GA,30075
4365,,,,,
4366,,,,,
4367,233 N. New Ballas Rd.,,St. Louis,MO,63141
4368,,,,,
4369,,,,,
4370,501 East Collins,,Decatur,TX,76234
4371,629 Arabella St.,,Defiance,OH,43512-2856
4372,32972 Colle Perfecto,,San Juan Capistrano,CA,92675
4373,,,,,
4374,,,,,
4375,,,,,
4376,919 E. Sumach St.,,Walla Walla,WA,99362
4377,130 Beattie Ave.,,Lockport,NY,14094-5099
4378,,,,,
4379,1575 West. Southern #1,,Apache Junction,AZ,85220
4380,310 W. Plum St.,,Nogales,AZ,85621
4381,,,,,
4382,130 Beattie Ave.,,Lockport,NY,14094-5099
4383,,,,,
4384,150 Abbey Lane,,Levittown,NY,11756
4385,,,,,
4386,,,,,
4387,,,,,
4388,,,,,
4389,,,,,
4390,126 Wallace Ave.,,Downingtown,PA,19335
4391,540 Trestle Place,,Downingtown,PA,19335
4392,,,,,
4393,,,,,
4394,101 Hendrickson Ave.,,Brick,NJ,08724-2599
4395,7471 Larkdale Ave.,,Dublin,CA,94568-1599
4396,,,,,
4397,,,,,
4398,,,,,
4399,,,,,
4400,,,,,
4401,135 Elmont Rd.,,Elmont,NY,11003
4402,100 North Kane St.,,Burlington,WI,53105-1896
4403,,,,,
4404,,,,NC,27514
4405,701 E. 11th St.,,New Richmond,WI,54017
4406,400 North Rock St.,,Sheridan,AR,72150
4407,PO Box 674,,East Granby,CT,6026
4408,,,,,
4409,600 Broad St.,,Columbia,MS,39429
4410,,,,,
4411,PO Box 191,,Blastonbury,CT,06033-0191
4412,1301 Berdan St.,,Eddyville,IA,52553
4413,3150 Schoolview Rd.,,Eden,NY,14057
4414,5000 S. 116th Street,,Greenfield,WI,53228
4415,312 Pierson Ave.,,Edison,NJ,8837
4416,,,,,
4417,398 B Street,,So. San Francisco,CA,94080
4418,180 Depot Road,,Eliot,ME,3903
4419,Elizabeth Lane Elementary,121 Elizabeth Lane,Matthews,NC,28105
4420,,,,,
4421,,,,,
4422,11200 93rd Avenue North,,Maple Grove,MN,55369
4423,8201 West Fullerton Ave.,,Elmwood Park,IL,60707-2499
4424,PO Box 9011,,Boulder,CO,80301
4425,,,,,
4426,PO Box 470208,,Tulsa,OK,74147
4427,11150 E. Tanque Verde Rd.,,Tucson,AZ,85749-8524
4428,101 Hendrickson Ave.,,Brick,NJ,08724-2599
4429,5212 Encinita Ave.,,Temple City,CA,91780
4430,,,,,
4431,1901 E. Paper Mill Rd.,,Oreland,PA,19075
4432,,,,,
4433,,,,,
4434,128 Cape May Ave.,,Estell Manor,NJ,8319
4435,334 Stockton St.,,Hightstown,NJ,8520
4436,,,,,
4437,,,,,
4438,,,,,
4439,,,,,
4440,,,,,
4441,,,,,
4442,PO Box 1060 1 Stadium Dr.,,Morenci,AZ,85540
4443,PO Box 36,,Pulaski,WI,54168
4444,,,,,
4445,,,,,
4446,,,,,
4447,51 Woodville Rd.,,Falmouth,ME,4105
4448,2290 State Route 121 North,,Mayfield,KY,42066
4449,,,,,
4450,142 Wilma Deive,,Maryville,IL,62062
4451,,,,,
4452,26 Central St.,,West Springfield,MA,01089-2777
4453,,,,,
4454,,,,,
4455,,,,,
4456,,,,,
4457,13000 Promise Road,,Fishers,IN,46038
4458,145 Merle Ave.,,Oceanside,NY,11572
4459,,,,,
4460,,,,,
4461,4750 First Street,,Pleasanton,CA,94577-7498
4462,25631 Peter A. Hartman Way,,Mission Viejo,CA,92691
4463,,,,,
4464,451 Lincoln Ave.,,Orange,NJ,7050
4465,200 Western Blvd.,,Lanoka Harbor,NJ,8734
4466,,,,,
4467,970 N Glenn Rd,,Casper,WY,82601
4468,201 45th Street NE,,Fort Payne,AL,35967
4469,401 Orchard St.,,Fox River Grove,IL,
4470,,,,,
4471,650 Conistor,,Liberty,MO,64068
4472,2055 Central Avenue,,Fort Myers,FL,33901-3988
4473,,,,,
4474,70 Boardman St.,,Norfolk,MA,2056
4475,410 E. Ann St. PO Box 580,,Weyauwega,WI,54983
4476,,,,,
4477,PO Box 117,,Frenchtown,MT,59834
4478,,,,,
4479,711 Green Street Suite 100,,Gainesville,GA,30505-0298
4480,6637 W. Ottawa Ave.,,Littleton,CO,80128
4481,,,,,
4482,,,,,
4483,,,,,
4484,,,,,
4485,,,,,
4486,,,,,
4487,,,,CA,
4488,,,,,
4489,3855 Lucas & Hunt Rd.,,St. Louis,MO,63121
4490,,,,,
4491,,,,,
4492,,,,,
4493,,,,,
4494,2915 E. Ramsey Ave.,,Cudahy,WI,53110-0618
4495,401 East Hancock St.,,Lansdale,PA,19446
4496,,,,,
4497,,,,,
4498,130 Beattie Ave.,,Lockport,NY,14094-5099
4499,,,,,
4500,47 Cherry Valley Rd.,,Gilford,NH,3249
4501,34001 Cedar Rd.,,Gates Mills,OH,44040
4502,,,,,
4503,,,,,
4504,,,,,
4505,12 High Street,,Glen Ridge,NJ,7028
4506,PO Box 36,,Pulaski,WI,54168
4507,290 Greenwich Ave.,,Greenwich,CT,6830
4508,PO Box 3011,,New Boston,OH,45662
4509,103 Central Suite 300,,Glenwood,IA,51534
4510,,,,,
4511,,,,,
4512,3633 N California Ave,,Chicago,IL,60618
4513,3633 N California Ave,,Chicago,IL,60618
4514,,,,,
4515,PO Box 1043,,La Mesa,CA,91944-1043
4516,,,,,
4517,PO Box 417,,Granville,OH,43023-0417
4518,,,,,
4519,PO Box 2429,,Great Falls,MT,59403-2429
4520,427 Kosciuszko St.,,Nanticoke,PA,18634
4521,106 S. Main St,,Clyde,OH,43410
4522,,,,,
4523,,,,,
4524,,,,,
4525,525 7th Street NE,,North Canton,OH,44720
4526,608 College St.,Gregory,Portland,TX,78374
4527,,,,,
4528,,,,,
4529,,,,,
4530,23276 East River Rd.,,Grosse Ile,MI,48138
4531,1712 Vaughn Rd.,,Burlington,NC,27217
4532,6539 Beechmont Ave.,,Cincinnati,OH,45230
4533,,,,,
4534,,,,,
4535,,,,,
4536,5000 S. 116th Street,,Greenfield,WI,53228
4537,13910 E. 126th Street,Fishers,Fishers,IN,46037-9781
4538,283 County Rd. PO Box 95,,Barrington,RI,2806
4539,2 Alumni Dr.,,Hampton,NH,3842
4540,88 Argonne Rd E,,Hampton Bays,NY,11946
4541,86 E. Argonne Rd.,,Hampton Bays,NY,11946
4542,,,,,
4543,,,,,
4544,,,,,
4545,,,,,
4546,,,,,
4547,,,,,
4548,17200 Pinehurst Ln.,,Huntington Beach,CA,92647-5569
4549,,,,,
4550,159 Stegall Dr.,,Jasper,GA,30143
4551,,,,,
4552,,,,,
4553,10 Erford Road,,Wormleysburg,PA,17043
4554,430 School St.,,Carlisle,IA,50047
4555,,,,,
4556,379 Boulevard,,Hasbrouck Heights,NJ,7604
4557,815 Hwy. 10,,Elk River,MN,55330
4558,,,,,
4559,,,,,
4560,,,,,
4561,483 Magnolia Ct.,,Kingston Springs,TN,37082
4562,,,,,
4563,24601 Fairmont Blvd.,,Beachwood,OH,44122-2298
4564,307 S. Main St.,,Hebron,IN,46341
4565,,,,,
4566,1305 Swifts Hwy,,Jefferson City,MO,65101
4567,2385 Flynn Lane,,Missoula,MT,59808
4568,101 Hendrickson Ave.,,Brick,NJ,08724-2599
4569,,,,,
4570,,,,,
4571,,,,,
4572,850 Grand Street,,Brooklyn,NY,11211
4573,,,,,
4574,970 Highland Ave.,,Abington,PA,19001
4575,580 Erial Rd.,,Blackwood,NJ,8012
4576,,,,,
4577,1203 W. Pioneer Pkwy.,,Arlington,TX,76013
4578,1015 Seventh St.,,Novato,CA,94945
4579,PO Box 36,,Pulaski,WI,54168
4580,,,,,
4581,,,,,
4582,32200 Middlebelt Road,Farmington Hills,,MI,48334
4583,,,,,
4584,5323 Cemetery Rd.,,Hilliard,OH,43026
4585,338 West Main St.,,Hillsboro,OH,45133
4586,,,,,
4587,,,,,
4588,,,,,
4589,5606 S. 147th St.,,Omaha,NE,68137
4590,,,,,
4591,,,,,
4592,,,,,
4593,,,,,
4594,,,,,
4595,629 Arabella St.,,Defiance,OH,43512
4596,436 Broadway,,South Portland,ME,4106
4597,,,,,
4598,240 N. Bishop Ave,,Springfield,PA,19064
4599,,,,,
4600,,,,,
4601,,,,,
4602,,,,,
4603,,,,,
4604,,,,,
4605,,,,,
4606,,,,,
4607,,,,,
4608,15204 Calaveras Dr,,Austin,TX,78717
4609,,,,,
4610,,,,,
4611,3700 1st Ave NW,,Cedar Rapids,IA,52405
4612,,,,,
4613,,,,,
4614,,,,,
4615,6201 Ross SE,,Albuquerque,NM,87108
4616,248 New Ballwin Road,,Ballwin,MO,63021
4617,6000 Queens Hwy.,,Parma Hts.,OH,44130
4618,,,,,
4619,155 County Road 24,,Wayzata,MN,55391
4620,,,,,
4621,,,,,
4622,,,,,
4623,,,,,
4624,3380 Old Alabama Road,,Johns Creek,GA,30022
4625,,,,,
4626,,,,,
4627,,,,,
4628,,,,,
4629,,,,,
4630,,,,,
4631,,,,,
4632,,,,,
4633,,,,,
4634,,,,,
4635,,,,,
4636,,,,,
4637,,,,,
4638,,,,,
4639,,,,,
4640,,,,,
4641,,,,,
4642,1215 Delsea Drive,,Westville,NJ,8093
4644,,,,,
4645,,,,,
4646,1000 Buccaneer Dr.,,Hoover,AL,35244
4647,17200 Pinehurst Ln,,Huntington Beach,CA,92647-5569
4648,,,,,
4649,4210 Technology Dr.,,Fremont,CA,94538
4650,4210 Technology Dr.,,Fremont,CA,94538
4651,,,,,
4652,1901 NE 9th street,,Gainesville,FL,32609
4653,620 E. University Ave.,,Gainesville,FL,32601
4654,Howard Lake Middle School,801 8th Ave.,Howard Lake,MN,55349
4655,301 Wicks Ave.,,Malverne,NY,11565
4656,,,,,
4657,20 Centre Ave. PO Box 1496,,Secaucus,NJ,07096-1496
4658,,,,,
4659,,,,,
4660,,,,,
4661,,,,,
4662,PO Box 1256,,Huntsville,AL,35807-4801
4663,,,,,
4664,,,,,
4665,43 Harriman Hill Rd.,,Raymond,NH,3077
4666,PO Box 30035,,Charlotte,NC,28230-0035
4667,,,,,
4668,240 Mountain Avenue,Somerville,Somerville,NJ,8876
4669,,,,,
4670,,,,,
4671,903 Chestnut Street,,Douglassville,PA,19518
4672,,,,,
4673,,,,,
4674,Tim Shrift,,218 Vine Street,Traverse City,MI
4675,,,,,
4676,,,,,
4677,,,,,
4678,,,,,
4679,,,,,
4680,7000 John F. Kennedy Blvd,,North Little Rock,AR,72116
4681,363 W. Hill Street,,Chicago,IL,60610
4682,,,,,
4683,,,,,
4684,,,,,
4685,,,,,
4686,,,,,
4687,6620 Pearl Road,,Parma Heights,OH,44130
4688,2788 Normandy Dr,,Saint Louis,MO,63121-4705
4689,,,,,
4690,,,,,
4691,,,,,
4692,45 Williamsburg Ln.,,Dayton,OH,45459
4693,,,,,
4694,360 Bray Station Road,,Collierville,TN,38017
4695,,,,,
4696,Bank St. Admin. Bldg. PO Box 657,,Bridgeton,NJ,08302-2001
4697,,,,,
4698,,,,,
4699,107 North Walnut St.,,Columbia City,IN,46725
4700,1101 Douglas Avenue,,Flossmoor,IL,60422
4701,,,,,
4702,506 Ashley Pl,,Jacksonville,NC,28546
4704,,,,,
4705,255 Wilmot Road,,New Rochelle,NY,10804
4706,Iona Preparatory School,255 Wilmot Road,New Rochelle,NY,10804
4707,,,,,
4708,24615 State Hwy. 58,,Richland Center,WI,53581
4709,,,,,
4710,,,,,
4711,PO Box 200,,New Iberia,LA,70562-0200
4712,37614 US Hwy. 136,,Conception Jct.,MO,64434
4713,210 E. University Box 468,,Pella,IA,50219
4714,201 Patton Rd.  Barton Co.,,Great Bend,KS,67530
4715,PO Box 176,,Boulder,MT,59632
4716,20300 Statler,,St. Clair Shores,MI,48081
4717,206 S. Taft Ave.,,Jefferson,WI,53549
4718,75 Barker Rd.,,Pittsford,NY,14534
4719,3317 12th Street,,Lewiston,ID,83501
4720,20001 Carson Lane,,Castro Valley,CA,94552
4721,,,,,
4722,PO Box 2146,,Castro Valley,CA,94546
4723,10301 Vista Drive,,Cupertino,CA,95014
4724,765 Crestdale Lane,,Las Vegas,NV,89144
4725,,,,,
4726,115 Madison Avenue PO Box 460,,Gaffney,SD,29342
4727,130 Beattie Ave.,,Lockport,NY,14094-5099
4728,,,,,
4729,,,,,
4730,1801 W. Broadway,P.O. Box 522,St. Peter,MN,56082
4731,8201 West Fullerton Ave.,,Elmwood Park,IL,60707-2499
4732,,,,,
4733,214 Pineview Drive,,Greenville,NC,27834
4734,,,,,
4735,205 North St.,,Nixa,MO,65714
4736,,,,,
4737,600 S. Bois D' Arc St.,,Forney,TX,75126
4738,,,,,
4739,,,,,
4740,,,,,
4741,,4428,,,
4742,,,,,
4743,,,,,
4744,,,,,
4745,,,,,
4746,1000 W 4th Ave.,,Kennewick,WA,99336
4747,,,,,
4748,,,,,
4749,,,,,
4750,110 E 35th St.,,Kearney,NE,68847
4751,200 Kedron Drive,,Peachtree City,GA,30269
4752,193 Maple Ave,,Keene,NH,3431
4753,,,,,
4754,13658 W. Marlowe Ave,,Morrison,CO,80465
4755,1000 44th Ave N Suite 100,,St. Cloud,MN,56303
4756,1000 44th Ave N,Suite 100 ,St. Cloud,MN,
4757,1000 44th Ave. North Suite 100,,St. Cloud,MN,56303
4758,151 S. First Street,,Kerman,CA,93630
4759,PO Drawer 720 First and Broadway,,Ketchum,OK,74349
4760,,,,,
4761,Keystone School,119 East Craig Place,San Antonio,TX,78212
4762,,,,,
4763,,,,,
4764,PO Box 7760,,Mitchell,SD,57301
4765,,,,,
4766,,,,,
4767,,,,,
4768,,,,,
4769,,,,,
4770,24 Lyon Rd.,,Burlington,CT,06013-1313
4771,7362 East PT Douglas Rd. S,,Cottage Grove,MN,55016
4772,,,,,
4773,,,,,
4774,,,,,
4775,1600 Eagle Way,,Lake Villa,IL,60046
4776,,,,,
4777,2915 Hall St. SE,,East Grand Rapids,MI,49506
4778,PO Box 97039,,Redmond,WA,98073
4779,Educational Services Center,,Golden,CO,80401
4780,5572 Princeton Rd.,,Liberty Twnshp.,OH,45011-9726
4781,5572 Princeton Rd.,,Liberty Township,OH,45011-9726
4782,,,,,
4783,,,,,
4784,5572 Princeton Road,,Liberty Township,OH,45011
4785,,,,,
4786,5572 Princeton Road,,Liberty Township,OH,45011
4787,,,,,
4788,43 Hardiman Hill Rd.,,Raymond,NH,3077
4789,,,,,
4790,101 Hendrickson Ave.,,Brick,NJ,08724-2599
4791,101 Hendrickson Ave.,,Brick,NJ,08724-2599
4792,2725 Crestview Ave.,,Lanesville,IN,47136
4793,PO Box 36,,Pulaski,WI,54168
4794,200 Western Blvd.,,Lanoka Harbor,NJ,8734
4795,,,,,
4796,,,,,
4797,3700 1st Ave. NW,,Cedar Rapids,IA,52405
4798,410 Colorado Ave.,,Laurel,MT,59044
4799,PO Box 23901,,Overland Park,KS,66283-0901
4800,321 S. Jefferson,,Lebanon,MO,66283-0901
4801,321 S. Jefferson,,Lebanon,MO,65536
4802,,,,,
4803,,,,,
4804,,,,,
4805,800 Porter St.,,Lemont,IL,60439
4806,,,,,
4807,,,,,
4808,3317 12th Street,,Lewiston,ID,83501
4809,111 West Grand Avenue,,Ponca City,OK,74601-5211
4810,,,,,
4811,708 St. Louis St. PO Box 250,,Edwardsville,IL,62025
4812,17035 Liberty Parkway,,Vestavia Hills,AL,35242
4813,PO Box 179,,Licking,MO,65542-0179
4814,,,,,
4815,720 S. Cable Rd.,,Lima,OH,45805
4816,PO Box 2429,,Great Falls,MT,59403-2429
4817,,,,,
4818,145 West St.,,Edwardsville,IL,62025
4819,PO Box 82889,,Lincoln,NE,68501
4820,,,,,
4821,114 North Holcombe Ave. Suite 100,,Litchfield,MN,55355-2210
4822,,,,,
4823,,,,,
4824,,,,,
4825,,,,,
4826,,,,,
4827,,,,,
4828,,,,,
4829,,,,,
4830,23800 Summit Rd.,,Los Gatos,CA,95033
4831,PO Box 282,,Loogootee,IN,47553
4832,,,,,
4833,,,,,
4834,,,,,
4835,,,,,
4836,PO Box 2429,,Great Falls,MT,59403-2429
4837,3037 N Stratford Rd,,ARLINGTON HEIGHTS,IL,60004
4838,,,,,
4839,,,,,
4840,PO Box 1010,,Newton,NC,28658
4841,700 Second St.,,Lyle,MN,55953
4842,,,,,
4843,,,,,
4844,1675 17th Ave.,,Marion,IA,52302
4845,,,,,
4846,3900 Brushy Fork Rd.,,Loganville,GA,30052
4847,PO Box 138,,Magnolia,TX,77353
4848,101 N. Division St.,,Mahomet,IL,61853
4849,,,,,
4850,,,,,
4851,,,,,
4852,,,,,
4853,,,,,
4854,50 Port Murray Rd.,,Port Murray,NJ,7865
4855,410 Brooks Blvd.,,Manville,NJ,8835
4856,2374 Shermer Rd.,,Northbrook,IL,60062
4857,11090 Nashville Hwy,,Vermontville,MI,49096
4858,,,,,
4859,,,,,
4860,,,,,
4861,1240 S. Adams St.,,Marion,IN,46953
4862,,,,,
4863,,,,,
4864,3790 Ashford-Dunwoody Road,,Atlanta,GA,30319
4865,501 East Hellman Ave.,,Ahambra,CA,91801
4866,,,,,
4867,PO Box 1359,,Angels Camp,CA,95222
4868,,,,,
4869,,,,,
4870,,,,,
4871,384 West Main St.,,Freehold,NJ,17723-3119
4872,14283nwharbor ln,portland,portland,OR,97229
4873,,,,,
4874,6000 University Drive,,Parkland,FL,33067
4876,14131 Seneca Rd.,,Darnestown,MD,20874
4877,,,,,
4878,14131 SEneca Road,,Darnestown,MD,20894
4879,,,,,
4880,1111 Delaware Ave.,,Marysville,MI,48040
4881,1050 Maryvale Dr.,,Cheektowaga,NY,14225
4882,2125 Poplar St,,Georgetown,SC,29440
4883,,,,,
4884,,,,,
4885,592 Arlington Ave West,,St. Paul,MN,55117
4886,716 Askin St.,,Maumee,OH,43537
4887,5200 S. 75th St.,,Lincoln,NE,68516
4888,PO BOX 82889,,LINCOLN,NE,68501-2889
4889,,,,,
4890,930 S. Pearl Ave.,4921,Joplin,MO,MO
4891,,,,,
4892,,,,,
4893,,,,,
4894,,,,,
4895,,,,,
4896,970 Highland Ave.,,Abington,PA,19001
4897,,,,,
4898,,,,,
4899,6536 Beechmont Ave.,4564,Cincinnati,OH,
4900,,,,,
4901,PO Box 2429,,Great Falls,MT,59403-2429
4902,PO Box 19432,,Houston,TX,77224-9432
4903,100 East Florida Avenue,,Melbourne,FL,32901
4904,100 E. Florida Avenue,,Melbourne,FL,32901
4905,300 W. Stewart St.,,Washington,NJ,7882
4906,,,,,
4907,,,,,
4908,,,,,
4909,same,,,,
4910,7200 Pinehurst Ln. Bldg. B,,Huntington Beach,CA,92647
4911,9000 Tudor Lane,,Manassas,VA,20110
4912,87 Fletcher St.,,Kennebunk,ME,04043-6866
4913,,,,,
4914,101 Hendrickson Ave.,,Brick,NJ,08724-2599
4915,,,,,
4916,,,,,
4917,178 Maple St. PO Box 285,,Mifflinburg,PA,17844
4918,,,,,
4919,200 Western Blvd. PO Box 605,,Lanoka Harbor,NJ,08734-0605
4920,11775 Hewitt Rd.,,Brooklyn,MI,49230
4921,,,,,
4922,,,,,
4923,10301 Vista Dr.,,Cupertino,CA,95014
4924,20882 Big Canyon Rd.,,Middletown,CA,95461
4925,,,,,
4926,220 Cherry St.,,Mocksville,NC,27028
4927,PO Box 1259,,Hamlet,NC,28345
4928,,,,,
4929,,,,,
4930,,,,,
4931,,,,,
4932,17235 7th Street,,Montverde,FL,34756
4933,8353 University Blvd.,,Moon Township,PA,15108-2597
4934,,,,,
4935,,,,,
4936,,,,,
4937,3371 Hamilton-Cleves Rd.,,Hamilton,OH,45013
4938,,,,,
4939,200 Center Street PO Box 2000,,Moriarty,NM,87036
4940,,,,,
4941,5606 South 147th Street,,Omaha,NE,68137
4942,920 W Ivy Ave,,Moses Lake,WA,98837
4943,,,,,
4944,,,,,
4945,,,,,
4946,701 Ft. Washington Ave.,New York,New York,NY,1004
4947,,,,,
4948,,,,,
4949,,,,,
4950,,,,,
4951,,,,,
4952,,,,,
4953,7027 Milne Blvd,,New Orleans,LA,70124
4954,4403 Frederick Rd.,,Baltimore,MD,21229
4955,1645 Highway 22,,Watchung,NJ,7069
4956,3224 Kavanaugh Blvd,,Little Rock,AR,72205
4957,,,,,
4958,,,,,
4959,PO Box 769  110 Academy St.,,Canton,GA,30114
4960,600 Rutherford Rd.,,Harrisburg,PA,17109-5227
4961,,,,,
4962,PO Box 2429,,Great Falls,MT,59403-2429
4963,,,,,
4964,26 New York Ave.,,Smithtown,NY,11787
4965,,,,,
4966,3999 Bridge View Dr.,,North Charleston,SC,29405
4967,,,,,
4968,3373 Pruden Blvd,,Suffolk,VA,23434
4969,1745 Main St.,,Jefferson,MA,1522
4970,,,,,
4971,462 Baldwinville Rd.,,Baldwinville,MA,1436
4972,401 East Hancock St.,,Lansdale,PA,19446
4973,,,,,
4974,,,,,
4975,,,,,
4976,,,,,
4977,,,,,
4978,,,,,
4979,1001 Lake Ave.,,Rochester,NY,14613
4980,301 Mitchell Rd.,,New Castle,PA,16105
4981,,,,,
4982,,,,,
4983,,,,,
4984,,,,,
4985,2445 19th St SW,,Mason City,IA,50401
4986,,,,,
4987,201 Lindenwood,,Laredo,TX,78045
4988,,,,,
4989,205 North St.,,Nixa,MO,65714-9434
4990,,,,,
4991,205 North St.,,Nixa,MO,65714
4992,,,,,
4993,4501 Bridge Street,,Fort Worth,TX,76103
4994,,,,,
4995,,,,,
4996,,,,,
4997,,,,,
4998,,,,,
4999,,,,,
5000,300 Berry Rd.,,Bonne Terre,MO,63628
5001,200 Glass Avenue PO Box 609,,Hopkinsville,KY,42241-0609
5002,,,,,
5003,,,,,
5004,N84 W16579 Menomonee Ave.,,Menomonee Falls,WI,53051
5005,1854 East Broadway,,Alton,IL,62002-9028
5006,,,,,
5007,,,,,
5008,,,,,
5009,,,,,
5010,11855 Northpointe Blvd.,Tomball,Tomball,TX,77377
5011,PO Box 70,,Linden,IN,47955
5012,333 Jeremiah Blvd.,,Charlotte,NC,28262
5013,,,,,
5014,PO Box 52,,Parsippany,NJ,7054
5015,5805 Highway 25,,Flowood,MS,39232
5016,,,,,
5017,,,,,
5018,,,,,
5019,,,,,
5020,1699 Hilton Drive,,Park Hills,KY,41011
5021,,,,,
5022,,,,,
5023,,,,,
5024,,,,,
5025,Business Manager,4961,455 Palma Drive,Salinas,CA
5026,,,,,
5028,,,,,
5029,,,,,
5030,1000 Moore Road,,Michigan City,IN,46360
5031,,,,,
5032,P.O. Box 6577,,Saginaw,,48608-6577
5033,,,,,
5034,,,,,
5035,1700 O'Plaine Rd.,,Green Oaks,IL,60048-1599
5036,,,,,
5037,1000 44th Ave N Suite 100,,St. Cloud,MN,56303
5038,1000 44th Ave N,,St. Cloud,MN,56303
5039,1000 44th Ave. North Suite 100,2600 County Road 136,St. Cloud,MN,56303
5040,44 Blackburn Road,,Summit,NJ,7901
5041,,,,,
5042,2795 Yard Street,,Oroville,Ca,95966
5043,,,,,
5044,,,,,
5045,,,,,
5046,1745 W.Grand,,Haysville,KS,67060-1234
5047,225 Ninth St.,,Del Mar,CA,92014-2716
5048,,,,,
5049,50 Sheffield St,,Old Saybrook,CT,6475
5050,,,,,
5051,,,,,
5052,,,,,
5053,1 Beverly Road,,Summit,NJ,7901
5054,1 Beverly Road,,Summit,NJ,7901
5055,1 Beverly Road,,Summit,NJ,7901
5056,1 Beverly Rd.,,Summit,NJ,7901
5057,,,,,
5058,PO Box 46 685 Old Crystal Bay Rd. N,,Long Lake,MN,55356-0046
5059,101 Hendrickson Ave.,,Brick,NJ,08724-2599
5060,PO Box 284,,Waterford,CT,6385
5061,,,,,
5062,,788,,,
5063,,,,,
5064,,,,,
5065,,,,,
5066,,,,,
5067,,,,,
5068,,,,,
5069,,,,,
5070,105 N La Experanza,,San Clemente,CA,92672
5071,105 N La Experanza,,San Clemente,CA,92672
5072,105 N La Experanza,,San Clemente,CA,92672
5073,,,,,
5074,,,,,
5075,,,,,
5076,,,,,
5077,18310 Middletown Road,,PARKTON,MD,21120
5078,,,,,
5079,,,,,
5080,,,,,
5081,102 Cypress Lakes Dr.,,Slidell,LA,70458
5082,,,,,
5083,10114 Hwy. 6,,Hitchcock,TX,77563
5084,2256 S. Logan St.,,Denver,CO,80210
5085,,,,,
5086,,,,,
5087,815 Convent Road,,Syosset,NY,11791
5088,,,,,
5089,,,,,
5090,,,,,
5091,,,,,
5092,1001 39th Street NW,,Canton,OH,44709
5093,23225 Lyons Ave.,,Santa Clarita,CA,91321
5094,2255 Central Grove,,Toledo,OH,43614
5095,23225 Lyons Ave.,,Santa Clarita,CA,91321
5096,,,,,
5097,,,,,
5098,,,,,
5099,8151 Poplar Avenue,,Germantown,TN,38138
5100,8151 Poplar Avenue,Germantown,Germantown,TN,38138
5101,,,,,
5102,,,,,
5103,,,,,
5104,,,,,
5105,,,,,
5106,2411 Commerce Blvd,,Mound,MN,55364
5107,,,,,
5108,,,,,
5109,,,,,
5110,,,,,
5111,5137 Willow Way,,Birmingham,AL,35242
5112,5510 Double Oak Lane,,Birmingham,AL,35242
5113,,,,,
5114,132 Orchard,,Northville,MI,48167
5115,132 Orchard,,Northville,MI,48167
5116,,,,,
5117,,,,,
5118,,,,,
5119,,,,,
5120,,,,,
5121,,,,,
5122,970 Highland Ave.,,Abington,PA,19001
5123,1825 West Park Road,,Salisbury,NC,28144
5124,,,,,
5125,,,,,
5126,,,,,
5127,,,,,
5128,,,,,
5129,,,,,
5130,13626 Twin Peaks Rd.,,Poway,CA,92064-3098
5131,,,,,
5132,101 Pirate Lane,,Melbourne,FL,32901
5133,450 Sixth St.,,Yuma,AZ,85364-2973
5134,,,,,
5135,,,,,
5136,12033 SE 256th St.,,Kent,WA,98030-6643
5137,202 East Wea Street PO Box 268,,Paola,KS,66071
5138,,,,,
5139,,,,,
5140,455 North Woods Mill Rd.,,Chesterfield,MO,63017
5141,19370 Vreeland Rd.,,Woodhaven,MI,48183
5142,107 East Street Box 490,,Prairie City,IA,50228
5143,,,,,
5144,63 Farm Hill,Orange,Orange,CT,6477
5145,,,,,
5146,30 Church St.,,Pennsville,NJ,8070
5147,Math Department,3043 W. Scott Street,Pensacola,FL,32505
5148,,,,,
5149,48 Dunns Mill Rd.,,Bordentown,NJ,8505
5150,,,,,
5151,,,,,
5152,,,,,
5153,,,,,
5154,,,,,
5155,,,,,
5156,955 Peachtree Pkwy,,Cumming,GA,30041
5157,,,,,
5158,,,,,
5159,495 Hoffman Lane,,Hauppauge,NY,11788
5160,2072 Curry Rd.,,Rotterdam,NY,12303
5161,8135 Majors Road,,Cumming,GA,30041
5162,,,,,
5163,PO Box 40 310 18th St.,,Joshua,TX,76058
5164,740 Unionville Rd.,,Kennet Square,PA,19348
5165,,,,,
5166,111 East North St.,,Eureka,MO,63025-1229
5167,1079 Wadhington Blvd.,,Robbinsville,NJ,08690-3119
5168,120 High School Rd.,,Hyannis,MA,2601
5169,,,,,
5170,5301 Ross Rd. Suite 118,,Del Valle,TX,78617
5171,,,,,
5172,2909 Delaware Ave.,,Fort Pierce,FL,34947-7299
5173,,,,,
5174,74 Oakwood Dr.,,Brooksville,FL,34601
5175,PO Box 496 312 North Center,,Forrest,IL,61741
5176,,,,,
5177,,,,,
5178,,,,,
5179,,,,,
5180,,,,,
5181,,,,,
5182,,,,,
5183,,,,,
5184,Providence High School,511.South Buena Vista,Burbank,CA,91505
5185,,,,,
5186,,,,,
5187,,,,,
5188,,,,,
5189,4409 Sano St.,,alexandria,VA,22312
5190,,,,,
5191,,,,,
5192,,,,,
5193,,,,,
5194,,,,,
5195,,,,,
5196,,,,,
5197,,,,,
5198,26 Thatcher St. PO Box 97,,Selkirk,NY,12158-0097
5199,,,,,
5200,,,,,
5201,1005 Drake Avenue,,Huntsville,AL,35802
5202,,,,,
5203,,,,,
5204,,,,,
5205,HC 61 Box 40,,Teec Nos Pos,AZ,86514-9701
5206,,,,,
5207,,,,,
5208,,,,,
5209,,,,,
5210,,,,,
5211,6300 S. Lewiston Way,,Aurora,CO,80016
5212,,,,,
5213,11 Mill Rd. PO Box 900,,Remsenburg,NY,11960-0900
5214,,,,,
5215,,,,,
5216,,,,,
5217,7244 E. Main Street,,Reynoldsburg,OH,43068
5218,930 West Acres Rd.,,West Sacramento,CA,95691
5219,304 Mill Street,4063,Woodsfield,OH,
5220,,,,,
5221,,,,,
5222,7400 Parkside Drive,,Parkland,FL,33067
5223,N84 W16579 Menomonee Ave.,,Menomonee Falls,WI,53051
5224,,,,,
5225,PO Box 100,,Crawfordsville,FL,32326-0100
5226,,,,,
5227,536 Hamilton St.,,Roanoke Rapids,NC,27870-9990
5228,536 Hamilton St.,,Roanoke Rapids,NC,27870-9990
5229,,,,,
5230,,,,,
5231,,,,,
5232,1972 Big Springs Dr.,,Lexington,VA,24450
5233,,,,,
5234,,,,,
5235,,,,,
5236,3300 Prague Road,,Indianapolis,IN,46227
5239,PO Box 9,,Accord,NY,12404
5240,201 E. 38th St.,,Sioux Falls,SD,57105
5241,400 Executive Blvd.,,Ossining,NY,10562
5242,410 Bogert Rd.,,River Edge,NJ,7661
5243,,,,,
5244,Rosebud Elementary,4151 Rosebud Road,Loganville,GA,30052
5245,Rosebud Elementary,4151 Rosebud Road,Loganville,GA,30052
5246,970 Highland Ave.,,Abington,PA,19001
5247,130 Beattie Ave.,,Lockport,NY,14094-5099
5248,,,,,
5249,,,,,
5250,7698 Main St. PO Box 67,,West Rushville,OH,43163-0067
5251,,,Barnegat,NJ,08005-2497
5252,1875 S. Greeley St.,,Stillwater,MN,55082
5253,970 Highland Ave.,,Abington,PA,19001
5254,,,,,
5255,,,,,
5256,,,,,
5257,22513 Garrison,,Dearborn,MI,48124
5258,,,,,
5259,,,,,
5260,431 S Ivy,,Medford,OR,97501
5261,,,,,
5262,Sacred Heart Academy,47 Cathedral Avenue,Hempstead,NY,11550
5263,1020 12th Ave SW,,Moose Jaw,SK,S6H 5X8
5264,329 Bishops Hwy,,Kingston,MA,2364
5265,,,,,
5266,234 E. Cloud,,Salina,KS,67401
5267,,,,,
5268,399 Bishops Hwy,,Kingston,MA,2364
5269,,,,,
5270,,,,,
5271,,,,,
5272,,,,,
5273,1603 North 12th Ave.,4622,Pensacola,Fl,FL
5274,250 S. Davis Drive,,Warner Robins,GA,31088
5275,,,,,
5276,,,,,
5277,Saddle River Day School,147 Chestnut Ridge Road,Saddle River,NJ,7458
5278,10090 Old Perry Hwy.,,Wexford,PA,15090
5279,529 Chalan San Antonio,,Tamuning,GU,96913
5280,,,,,
5281,123 East Eleventh St.,,Traverse City,MI,49684
5282,,,,,
5283,4009 Manchester Rd,,Akron,OH,44319
5284,2929 West Waikiki Rd.,,Spokane,WA,9901999208
5285,,,,,
5286,Saint John's Preparatory School,2280 Watertower Road,Collegeville,MN,56321
5287,431 Stow Avenue,,Cuyahoga Falls,OH,142756
5288,,,,,
5289,325 Mansion Street,,Mauston,WI,53948
5290,,,,,
5291,1601 N. Tennessee Blvd,,Murfreesboro,TN,37130
5292,,,,,
5293,,,,,
5294,,,,,
5295,201 East Franklin,,Naperville,IL,60540
5296,201 East Franklin,,Naperville,IL,60540
5297,201 East Franklin,,Naperville,IL,60540
5298,SSPP Math Club,201 E. Franklin,Naperville,IL,60532
5299,,4125,,,
5300,,,,,
5301,,,,,
5302,,,,,
5303,404 North Wise Rd.,,Saluda,SC,29138
5304,101 North Texas Ave.,,Bryan,TX,77803
5305,1406 N. Fresno St,,Fresno,CA,93703
5306,,,,,
5307,800 Herndon Ln.,,Austin,TX,78704
5308,7705 Georgia Avenue,20012,San Miguel School,,NW
5309,,,,,
5310,,,,,
5311,,,,,
5312,5000 Nowland Avenue,,Indianapolis,IN,46201
5313,224 Kershaw Street NE,,Aiken,SC,29801
5314,,,,,
5315,,,,,
5316,,,,,
5317,3601 N. Milwaukee Av.,,Chicago,IL,60641
5318,292 Lakeshore Dr.,,Leesport,PA,19533-8631
5319,,,,,
5320,,,,,
5321,3514 Kenilworth Blvd.,,Sebring,FL,33870
5322,20 Centre Avenue PO Box 1496,,Secaucus,NJ,7096
5323,PO Box 1031,,Seminole,OK,74868
5324,,,,,
5325,23652 Antonio Pkwy,,Rancho Santa Margarita,CA,92688
5326,,,,,
5327,,,,,
5328,,,,,
5329,,,,,
5330,,,,,
5331,220 Cherry St.,,Mocksville,NC,27028
5332,N84 W 16579 Menomonee Ave.,,Menomonee Falls,WI,53051
5333,,,,,
5334,,,,,
5335,6726 Ridge Rd.,,Parma,OH,44129
5336,8145 Majors Road,,Cummming,GA,30041
5337,8145 Majors Road,,Cumming,GA,30041
5338,18560 1st Ave. NE,,Shoreline,WA,98155
5339,,,,,
5340,,,,,
5341,330 Pisgah Pike,,Versailles,KY,40383-9214
5342,,,,,
5343,309 North Rios Ave.,,Solana Beach,CA,92075
5344,200 North Broadway,,Sleepy Hollow,NY,10591
5345,7301 N. 58th St.,,Glendale,AZ,85301
5346,,,,,
5347,400 West 4th Street,,Sedalia,MO,65301
5348,,,,,
5349,,,,,
5350,,,,,
5351,,,,,
5352,608 Townley Dr.,,Everman,TX,76140
5353,866 East Broadway,,South Boston,MA,2127
5354,,,,,
5355,1108 Cleveland Ave.,,Glasgow,KY,42142-1239
5356,300 El Cerrito Ave,,Hillsborough,CA,94010-6818
5357,PO Box 10,,Adams,NY,13605
5358,,,,,
5359,,,,,
5360,,,,,
5361,398 B St,,South San Francisco,CA,94080
5362,,,,,
5363,145 Park St. Suite 3,,DeFuniak Springs,FL,32435
5364,,,,,
5365,,,,,
5366,,,,,
5367,13083 Buck Valley Rd.,,Warfordsburg,PA,17267
5368,,,,,
5369,,,,,
5370,451 Eldron Blvd. SE,,Palm Bay,FL,32909
5371,48 Zion Hill Rd.,,Northfield,NH,13276
5372,4700 Jaguar Drive,,Hoover,AL,35242
5373,4700 Jaguar Drive,,Hoover,AL,35242
5374,1701 Skylyn Drive,,Spartanburg,SC,29307
5375,,,,,
5376,425 North Spoede Road,,St. Louis,MO,63141
5377,,,,,
5378,9703 Conway Rd.,,St. Louis,MO,63124
5379,,,,,
5380,3215 Cuming St.,,Omaha,NE,68131-2024
5381,,,,,
5382,2146 Jacksonville-Jobstown Rd.,,Jobstown,NJ,8041
5383,PO Box 2118,,Deland,FL,32721
5384,801 Stae St.,,Alton,IL,62002
5385,st francis xavier prep,4681,3 cross st,hyannis,MA
5386,350 Emery Street,,Longmong,CO,80501
5387,514 Licoln Street,,fenton,MI,48430
5388,St John Vianney High School,540A Line Road,Holmdel,NJ,7733
5389,4433 W Jackson Road,,Alma,MI,48801
5390,200 W. Galveston St,,Chandler,AZ,85225
5391,,,,,
5392,2244 Marshall Ave,,Wheeling,WV,26003
5393,240 Arnold St,4638,Hapeville,GA,
5394,,,,,
5395,,,,,
5396,,,,,
5397,,,,,
5398,,,,,
5399,,,,,
5400,,,,,
5401,,,,,
5402,,,,,
5403,,,,,
5404,,,,,
5405,,,,,
5406,,,,,
5407,,,,,
5408,,,,,
5409,25 St. Alphonsus Road,,Silex,MO,63377
5410,10453 89th Street NE,,Langdon,ND,58249
5411,,,,,
5412,,,,,
5413,,,,,
5414,,,,,
5415,324 N. Olive Ave,West Palm Beach,West Palm Beach,FL,33401
5416,,,,,
5417,,,,,
5418,,,,,
5419,,,,,
5420,,,,,
5421,,,,,
5422,,,,,
5423,,,,,
5424,,,,,
5425,,,,,
5426,2020 Kay Circle,,Columbus,GA,31907
5427,,,,,
5429,,,,,
5430,,,,,
5431,,,,,
5432,,,,,
5433,,,,,
5434,1911 San Antonio Street,,Austin,TX,78705
5435,1911 San Antonio St,,Austin,TX,78705
5436,,,,,
5437,1911 San Antonio Street,,Austin,TX,78705
5438,,,,,
5439,10121 S. Longwood Dr,,Chicago,IL,60643
5440,,,,,
5441,St. Barnabas H. S.,4566,Bronx,NY,
5442,9200 Olde Eight Road,,Northfied,OH,44067
5443,630 - East Wayzata Blvd,,Wayzata,MN,55391
5444,,,,,
5445,,,,,
5446,,,,,
5447,,,,,
5448,,,,,
5449,,,,,
5450,,,,,
5451,80 University Blvd. East,,Silver Spring,MD,20737
5452,,,,,
5453,,,,,
5454,,,,,
5455,,,,,
5456,,,,,
5457,6061 Valley Circle Blvd.,,Woodland Hills,CA,91367
5458,,,,,
5459,,,,,
5460,1301 SW 136 Ave,,Davie,FL,33325
5461,,,,,
5462,,,,,
5463,128 North Buchanan,,Edwardsville,IL,62025
5464,,,,,
5465,,,,,
5466,,,,,
5467,,,,,
5468,,,,,
5469,,,,,
5470,,,,,
5471,,,,,
5472,,,,,
5473,,,,,
5474,,,,,
5475,,,,,
5476,,,,,
5477,,,,,
5478,,,,,
5479,,,,,
5480,,,,,
5481,,,,,
5482,526 Renson Road,,Hartland,WI,53029
5483,,,,,
5484,,,,,
5485,3215 S. Schenley,,Youngstown,OH,44511
5486,20 Lee Street,,Nashua,NH,3064
5487,2660 Niagara Falls Blvd.,,Tonawanna,NY,14150
5488,PO Box 667,31622 Hwy 6,Edwards,CO,81632
5489,,,,,
5490,2524 N. Orchard,,Chicago,IL,60614
5491,2524 . Orchard,Chicago,Chicago,IL,60614
5492,,,,,
5493,,,,,
5494,,,,,
5495,,,,,
5496,,,,,
5497,260 Cimmeron Trail,,Glendora,CA,91741
5498,,,,,
5499,200 S. Oak Park Ave.,,Oak Park,IL,60302
5500,,,,,
5501,,,,,
5502,,,,,
5503,,,,,
5504,33866 Calle La Primavera,,Dana Point,CA,92629
5505,,,,,
5506,,,,,
5507,,,,,
5508,,,,,
5509,,,,,
5510,,,,,
5511,300 Fairmont Blvd,,Rapid City,SD,57701
5512,917 Montrose Road,,Rockville,MD,20852
5513,,,,,
5514,,,,,
5515,,,,,
5516,,,,,
5517,,,,,
5518,15643 SW Oregon St,,Sherwood,OR,97225
5519,,,,,
5520,4100 NW 115th Terrace,,Gainesville,FL,32606
5521,,,,,
5522,,,,,
5523,,,,,
5524,500 Camden Avenue,,Salisbury,MD,21801
5525,,,,,
5526,514 Camden Ave.,,Salisbury,MD,21801
5527,2100 N. Germantown Pkwy.,,Cordova,TN,38016
5528,,,,,
5529,2270 E. Stadium Blvd.,,Ann Arbor,MI,48108
5530,St. Francis of Assisi School,7075 Ashworth Rd.,West Des Moines,IA,50266
5531,,,,,
5532,490 St. Joseph Street,,Iota,LA,70543
5533,St. Francis School,2707 Pamoa Rd.,Honolulu,HI,96822
5534,,,,,
5535,612 East Washington St,,Medina,OH,44256
5536,,,,,
5537,,,,,
5538,,,,,
5539,,,,,
5540,2550 41st ave,,San Francisco,CA,94116
5541,,,,,
5542,,,,,
5543,,,,,
5544,,,,,
5545,,,,,
5546,3942 Crooked Creek,,Okemos,MI,48864
5547,,,,,
5548,200 N. University Drive,,Plantation,FL,33324
5549,,,,,
5550,5343 Virginia Beach Blvd.,,Virginia Beach,VA,23462
5551,,,,,
5552,,,,,
5553,,,,,
5554,,,,,
5555,,,,,
5556,,,,,
5557,3650 Springhill Ave.,,Mobile,AL,36608
5558,,,,,
5559,,,,,
5560,,,,,
5561,,,,,
5562,,,,,
5563,1204 St. James Ct,,Madison,WI,53715
5564,120 Water Street,,Danielson,CT,6239
5565,,,,,
5566,,,,,
5567,,,,,
5568,,,,,
5569,3128 Heatherdowns Blvd,,Toledo,OH,43614
5570,,,,,
5571,,,,,
5573,,,,,
5574,,,,,
5575,721 Polo Rd,,Columbia,SC,29223
5576,,,,,
5577,,,,,
5578,,,,,
5579,,,,,
5580,,,,,
5581,42 Maynard Road,,Old Saybrook,CT,6475
5582,,,,,
5583,05233 Church St.,,Winfield,IL,60190
5584,,,,,
5585,,,,,
5586,,,,,
5587,,,,,
5588,240 Arnold St,,Hapeville,GA,30354
5589,,,,,
5590,,,,,
5591,,,,,
5592,,,,,
5593,,,,,
5594,,,,,
5595,,,,,
5596,,,,,
5597,,,,,
5598,1857 Watertower Rd.,P.O. Box 4000,Collegeville,MN,56321
5599,,,,,
5600,,,,,
5601,,,,,
5602,,,,,
5603,,,,,
5604,,,,,
5605,,,,,
5606,,,,,
5607,,,,,
5608,,,,,
5609,,,,,
5610,925 South Second Street,,Hamilton,OH,45011
5611,,,,,
5612,145 Plainfield Ave,,Metuchen,NJ,8840
5613,,,,,
5614,,,,,
5615,202 North 4th Street,,Yakima,WA,98901
5616,705 S 72nd Ave,,Yakima,WA,98908
5617,,,,,
5618,,,,,
5619,,,,,
5620,,,,,
5621,,,,,
5622,,,,,
5623,,,,,
5624,40 Chestnut Ridge Road,,Montvale,NJ,7645
5625,,,,,
5626,,,,,
5627,,,,,
5628,56 Oak Terrace,,Haverhill,MA,1832
5629,221 Park Place,,Libertyville,IL,60048
5630,,,,,
5631,,,,,
5632,,,,,
5633,,,,,
5634,247 2nd Ave. S.E,,Swift Current,SK,S9H 3J3
5635,105 Church Lane,,Cockeysville,MD,21030
5636,,,,,
5637,,,,,
5638,,,,,
5639,19812 Cantlay St.,,Winnetka,CA,91306
5640,19812 Cantlay Street,,Winnetka,CA,91306
5641,,,,,
5642,,,,,
5643,,,,,
5644,10911 N Knoxville Avenue,,Peoria,IL,61615
5645,,,,,
5646,,,,,
5647,,,,,
5648,,,,,
5649,St. Jude the Apostle School,4839,7171 Glenridge Drive NE,Atlanta,GA
5650,,,,,
5651,1136 South 123rd Street,,West Allis,WI,53150
5652,,,,,
5653,P. O. Box 30,,Fishers,IN,46038
5654,,,,,
5655,,,,,
5656,,,,,
5657,,,,,
5658,,,,,
5659,,,,,
5660,,,,,
5661,,,,,
5662,,,,,
5663,,,,,
5664,,,,,
5665,,,,,
5666,,,,,
5667,,,,,
5668,,,,,
5669,9972 Vale Road,St Mark Catholic School,Vienna,VA,22181
5670,,,,,
5671,1201 Alma Drive,Plano,,TX,75075
5672,,,,,
5673,,,,,
5674,1100 W. Grand River,,Okemos,MI,48864
5675,,,,,
5676,,,,,
5677,,,,,
5678,401 North St.,,Chardon,OH,44024
5679,222 Central Avenue,,Dover,NH,3820
5680,407 Decatur St.,,Sandusky,OH,44870
5681,,,,,
5682,,,,,
5683,,,,,
5684,,,,,
5685,,,,,
5686,,,,,
5687,,,,,
5688,,,,,
5689,,,,,
5690,,,,,
5691,,,,,
5692,,,,,
5693,401 East 7th St.,,Rome,GA,30161
5694,,,,,
5695,,,,,
5696,,,,,
5697,,,,,
5698,,,,,
5699,,,,,
5700,,,,,
5701,,,,,
5702,,,,,
5703,,,,,
5704,3100 W. 41st St.,,Sioux Falls,SD,57105
5705,,,,,
5706,,,,,
5707,1230 NE 127,,Seattle,WA,98125
5708,,,,,
5709,,,,,
5710,,,,,
5711,,,,,
5712,,,,,
5713,,,,,
5714,,,,,
5715,,,,,
5716,,,,,
5717,27 Crittenden Street,,Newark,NJ,7104
5718,,,,,
5719,,,,,
5720,,,,,
5721,,,,,
5722,,,,,
5723,,,,,
5724,301 N Orange Grove Blvd,Pasadena,Pasadena,CA,91103
5725,,,,,
5726,5635 N. Santa Monica Blvd.,,Whitefish Bay,WI,53217
5727,St. Monica School,5635 N. Santa Monica Blvd.,Whitefish Bay,WI,53217
5728,,,,,
5729,,,,,
5730,6 Greenlawn Road,,Paoli,PA,19301
5731,,,,,
5732,,,,,
5733,305 Lincoln Ave,,Janesville,WI,53548
5734,305 Lincoln Ave,,Janesville,WI,53548
5735,,,,,
5736,,,,,
5737,,,,,
5739,,,,,
5740,,,,,
5741,,,,,
5742,,,,,
5743,,,,,
5744,,,,,
5745,,,,,
5746,,,,,
5747,,,,,
5748,,,,,
5749,,,,,
5750,,,,,
5751,,,,,
5752,,,,,
5753,,,,,
5754,3445 Hamlin Road,,Lafayette,CA,94549
5755,,,,,
5756,,,,,
5757,,,,,
5758,,,,,
5759,,,,,
5760,,,,,
5761,,,,,
5762,6400 Charlotte,,Kansas City,MO,64131
5763,,,,,
5764,,,,,
5765,,,,,
5766,,,,,
5767,,,,,
5768,,,,,
5769,,,,,
5770,14818 61st Drive SE,,Snohomish,WA,98296
5771,2750 Tucker Road,,Nashville,TN,37218
5772,7031 137th St. N,,Hugo,MN,55110
5773,,,,,
5774,,,,,
5775,,,,,
5776,,,,,
5777,,,,,
5778,12525 Inwood Rd,,Dallas,TX,75244
5779,,,,,
5780,,,,,
5781,,,,,
5782,300 Kings Highway,,Haddon Heights,NJ,8035
5783,,,,,
5784,,,,,
5785,,,,,
5786,,,,,
5787,,,,,
5788,,,,,
5789,,,,,
5790,5600 Main St.,,Kansas City,MO,64113
5791,,,,,
5792,,,,,
5793,,,,,
5794,,,,,
5795,,,,,
5796,,,,,
5797,1200 Bridge Street,,New Cumberland,PA,17070
5798,,,,,
5799,55 Rosemond Terrace,,,CT,
5800,,,,,
5801,,,,,
5802,,,,,
5803,,,,,
5804,,,,,
5805,,,,,
5806,,,,,
5807,,,,,
5808,,,,,
5809,,,,,
5810,,,,,
5811,428 S Fort Thomas Ave,,Ft. Thomas,KY,41075
5812,,,,,
5813,,,,,
5814,920 Carmichael St,,Chapel Hill,NC,27514
5815,300 Fairmont Blvd,,Rapid City,SD,57701
5816,300 Fairmont Blvd,,Rapid City,SD,57701
5817,300 Fairmont Blvd,,Rapid City,SD,57701
5818,,,,,
5819,,,,,
5820,428 S. Ft. Thomas Ave,,Ft. Thomas,KY,41075
5821,,,,,
5822,,,,,
5823,3660 Vineyard Pl,,Cincinnati,OH,45226-1727
5824,,,,,
5825,,,,,
5826,,,,,
5827,,,,,
5828,,,,,
5829,,,,,
5830,,,,,
5831,5809 Main St.,,Mays Landing,NJ,8330
5832,,,,,
5833,,,,,
5834,420 Florida Street,,Vallejo,CA,94590
5835,,,,,
5836,,,,,
5837,423 Shady Lane,,New Castle,PA,16105
5838,,,,,
5839,,,,,
5840,,,,,
5841,,,,,
5842,,,,,
5843,,,,,
5844,2001 Jackson Avenue,,Seaford,NY,11783
5845,,,,,
5846,,,,,
5847,,,,,
5848,,,,,
5849,,,,,
5850,15500 Stephen S. Wise Dr.,Los Angeles,Los Angeles,CA,90077
5851,North Hudson Ave.,,Stillwater,NY,12170
5852,904 Stillwater Rd.,,Stillwater,NJ,7875
5853,,,,,
5854,,,,,
5855,,,,,
5856,355 East Chicago St.,,Elgin,IL,60120
5857,502 St. Leo St.,,Lafayette,LA,70501
5858,,,,,
5859,,,,,
5860,sppmphyed@charterinternet.com,,,,
5861,,,,,
5862,2800 Wallace Avenue,,Terre Haute,IN,47802
5863,2800 Wallace Avenue,,Terre Haute,IN,47802
5864,,,,,
5865,,,,,
5866,PO Box 36,,Pulaski,WI,54168
5867,11601 Main Street,,Sunol,CA,94586
5868,,,,,
5869,786 Cleveland Ave. SW,,Atlanta,GA,30315
5870,,,,,
5871,,,,,
5872,2300 Chaney Rd.,,Dubuque,IA,52001
5873,1000 44th Ave. North Suite 100,,St. Cloud,MN,56303-2037
5874,1000 44th Ave N,,St. Cloud,,56303
5875,3992 NY 2,,Troy,NY,12180
5876,,,,,
5877,,,,,
5878,,,,,
5879,,,,,
5880,,,,,
5881,,,,,
5882,3455 West 72nd Avenue,,Westminster,CO,80030
5883,4 Testing Only,,Taylors,SC,29687
5884,11007 Blenheim Dr.,Oakton,,VA,20194
5885,,,,,
5886,2800 Edison Highway,Baltimore,Baltimore,MD,21213
5887,2800 Edison Highway,Baltimore,Baltimore,MD,21213
5890,,,,,
5891,,,,,
5892,,,,,
5893,201 Kinkaid School Dr,,Houston,TX,77024
5894,,,,,
5895,,,,,
5896,,,,,
5897,,,,,
5898,,,,,
5899,16703 S. Clark Ave.,,Bellflower,CA,90706
5900,PO Box 788,,Temple,TX,76503
5901,605 N Ashe Ave.,,Newton,NC,28658
5902,,,,,
5903,,,,,
5904,,,,,
5905,,,,,
5906,90 Tippecanoe Dr.,,Tipp City,OH,45371
5907,45 Ingham Road,,Briarcliff Manor,NY,10510
5908,221 West Main St.,,Tomball,TX,77375-5595
5909,,,,,
5910,9144 Third Ave.,,Hesperia,CA,92345
5911,,,,,
5912,,,,,
5913,225 Ninth St.,,Del Mar,CA,92014-2716
5914,225 Ninth St.,,Del Mar,CA,92014-2716
5915,,,,,
5916,,,,,
5917,,,,,
5918,,,,,
5919,,,,,
5920,1700 E. Trinity Blvd,,Montgomery,AL,36106
5921,PO Box 25704,,Albuquerque,NM,87125
5922,,,,,
5923,,,,,
5924,637 Orange Center Rd.,,Orange,CT,6477
5925,,,,,
5926,,,,,
5927,,,,,
5928,199 Front St.,,Saxton,PA,16678
5929,PO Box 146 Hwy 51,,Broseley,MO,63932
5930,,,,,
5931,,,,,
5932,100 Southern Avenue E,,Underwood,MN,56586
5933,100 Southern Avenue E,,Underwood,MN,56586
5934,,,,,
5935,RR 1 Box 72,,Biggsville,IL,61418-9711
5936,,,,,
5937,,,,,
5938,,,,,
5939,,,,,
5940,,,,,
5941,1010 E. 10th St.,,Tucson,AZ,85719
5942,8400 S. Cambridge Ave.,,Detroit,MI,48221
5943,,,,,
5944,2000 Edgehill avenue,4974,Nashville,TN,37212
5945,University School of Nashville,2000 Edgehill Ave,Nashville,TN,37212
5946,,,,,
5947,,,,,
5948,,,,,
5949,,,,,
5950,,,,,
5951,,,,,
5952,N84 W16579 Menomonee Ave.,,Menomonee Falls,WI,53051
5953,,,,,
5954,1100 4th Street S,,Great Falls,MT,59405
5955,,,,,
5956,167 Myers Corners Rd. #200,,Wappingers Falls,NY,12590-3827
5957,North Lafayette Ave.,,Ventnor,NJ,8406
5958,,,,,
5959,268 Prittstown Rd.,,Mt. Pleasant,PA,15666
5960,,,,,
5961,2235 Lime Rock Road,,Vestavia Hills,AL,35216
5962,101 Hendrickson Ave.,,Brick,NJ,08724-2599
5963,101 Hendrickson Ave.,,Brick,NJ,08724-2599
5964,,,,,
5965,,,,,
5966,,,,,
5967,,,,,
5968,,,,,
5969,,,,,
5970,,,,,
5971,,,,,
5972,1445 St. Rt. 31,,Annandale,NJ,8801
5973,4115 Shady Rd.,,Youngstown,OH,44505
5974,114 N Holcombe,Litchfield,Litchfield,MN,55355
5975,,,,,
5976,PO Box 5384,,Cincinnati,OH,45201-5384
5977,,,,,
5978,4550 wyoga lake rd.,,cuyahoga falls,OH,44224
5979,,,,,
5980,,4816,1100 Jamestown Road,,VA
5981,PO Box 1088,,Marietta,GA,30061-1088
5982,,,,,
5983,1224S St Rd 263,,West Lebanon,IN,47991
5984,19801 Prevost,,Detroit,MI,48235
5985,,,,,
5986,,,,,
5987,130 Beattie Ave.,,Lockport,NY,14094-5099
5988,,,,,
5989,,,,,
5990,,,,,
5991,12121 W. North Ave.,,Wauwatosa,WI,53226
5992,859 Dayton Rd.,,Waynesville,OH,45068
5993,,,,,
5994,,,,,
5995,500 Great East Neck Rd,,West Babylon,NY,11704
5996,200 Old Farmingdale Rd.,,West Babylon,NY,11704
5997,301 Moore St.,,West Cape May,NJ,8204
5998,,,,,
5999,2548 Morrison St.,,McMinnville,TN,37110
6000,1203 W. Pioneer Pkwy.,,Arlington,TX,76013
6001,300 El Cerrito Ave.,,Hillsborough,CA,94010-6818
6002,,,,,
6003,300 El Cerrito Avenue,,Hillsborough,CA,94010-6818
6004,1787 182N Street,,Inwood,IA,51240-9935
6005,,,,,
6006,524 W. Main St.,,Mt. Orab,OH,45154
6007,,,,,
6008,,,,,
6009,,,,,
6010,,,,,
6011,89 Wellesley St.,,Weston,MA,2493
6012,,,,,
6013,1000 Rebel Way,,Sloan,IA,51055
6014,1000 44th Ave N Suite 100,,St. Cloud,MN,56303
6015,27100 Schoenherr Rd.,,Warren,MI,48088
6016,1000 44th Ave. North Suite 100,,St. Cloud,MN,56303
6017,1000 44th Ave N,,St. Cloud,MN,56303
6018,410 E. Ann St.  PO Box 54983,,Weyauwega,WI,54983
6019,77 14th Street,,Wheeling,WV,26003
6020,100 Pocono Rd.,,Brookfield,CT,06804-3304
6021,,,,,
6022,PO Box 2429,,Great Falls,MT,59403-2429
6023,,,,,
6024,,,,,
6025,,,,,
6026,970 Highland Ave.,,Abington,PA,19001
6027,,,,,
6028,6831 Brookfield Rd.,,Columbia,SC,29206
6029,233 S. 3rd Ave.,,Winneconne,WI,54986-5000
6030,26400 Arsenal,,Center Line,MI,48015-1600
6031,270 E. State St.,,Columbus,OH,43215
6032,,,,,
6033,Harvard St. PO Box 309,,Laconia,NH,3247
6034,,,,,
6035,,,,,
6036,PO Box 769 110 Academy St.,,Canton,GA,30169
6037,,,,,
6038,,,,,
6039,,,,,
6040,9 Caledon Court,,Greenville,SC,29615
6041,,,,,
6042,,,,,
6043,,,,,
6044,,,,,
6045,,,,,
6046,,,,,
6047,,,,,
6048,,,,,
6049,,,,,
6050,,,,,
6051,,,,,
6052,,,,,
6053,,,,,
6054,,,,,
6055,,,,,
6056,,,,,
6057,,,,,
6058,,,,,
6059,,,,,
6060,,,,,
6061,,,,,
6062,,,,,
6063,,,,,
6064,,,,,
6065,,,,,
6066,,,,,
6067,,,,,
6068,,,,,
6069,,,,,
6070,,,,,
6071,,,,,
6072,,,,NY,
6073,,,,,
6074,,,,,
6075,,,,,
6076,118 Lakeview Dr,,Greenville,NY,29617
6077,,,,,
6078,,,,,
6079,,,,,
6101,46 Peachtree Way NE,,Atlanta,GA,30305
6104,1655 W Meseto Cir,,Mesa,AZ,85202
6105,,,,,
6106,,,,,
6107,,,,,
6108,,,,,
6109,,,,,
6111,,,,,
6112,,,,,
6113,,,,,
6114,,,,,
6115,Donna Smiley,,100 West 77 Street,New York,NY
6116,2 Henry Luthin Pl,,Bogota,NJ,7603
6118,2125 S. 11th St.,,Chesterton,IN,46304
6119,6601 Carlisle St,,Terre Haute,IN,47802
6120,One Carmel Parkway,,Mundelein,IL,60060
6121,13910 East 126th Street,,Fishers,IN,46037
6122,1000 Buccaneer Drive,,Hoover,AL,35244
6123,1103 Double Bridge Rd,,Demorest,GA,
6124,920 Carmichael St,,Chapel Hill,NC,
6125,,,Fort lauderdale,FL,33312
6126,302 W State St,,Mahomet,IL,61853
6127,49 Clinton Avenue,,Dobbs Ferry,NY,10522
6128,501 Bourdeax St.,,Jacksonville,NC,28540
6129,3650 Springhill Ave.,,Mobile,AL,36608
6130,4700 Jaguar Drive,,Hoover,AL,35242
6131,2525 Glen Arbor Dr,,Lima ,OH,45805
6132,315 Academy Ave,,Sewickley,PA,15143
6133,5000 S 116 St,,Greenfield,WI,53228
6134,1100 Jamestown Road,,Williamsburg ,VA,23185
6135,4801 Ilchester Road,,Ellicott City,MD,21043
6136,2929 W. Waikiki Rd,,Spokane,WA,99208
6137,952 Arlington Ave.,,St. Paul,MN,55117
6138,4205 48th Street,,Moline,IL,61265
6139,975 Robinson Road,,Peachtree City,GA,30269
6140,421 Court St.,,Chilton,WI,53014
6141,12500 Clarksville Pike,,Clarksville,MD,21029
6142,12525 Inwood Rd,,Dallas,,75244
6143,200 N.University Dr.,,Plantation,FL,33324
6144,5851 nw lark meadow ter,,portland,OR,97229
6145,4100 Colgate,,Dallas,TX,75225
6146,4210 Harding Pike,,Nashville,TN,37205
6147,100 Southern Ave E,,Underwood,MN,56586
6149,5600 Main St.,,Kansas City,MO,64113
6150,,,,,
6151,324 North Olive Avenue,,West Palm Beach,FL,33401
6152,955 peachtree parkway,,Cumming,GA,30041
6153,695 Stevens Avenue,,Portland,ME,4103
6154,t,,t,TN,t
6155,,,,,
6156,1501 S. 48th St,,Omaha,NE,68106
6157,34001 Cedar Road,,Gates Mills,OH,44040
6158,9715 Summit Avenue ,,Kensington,MD,20895
6159,8151 Poplar Avenue,,Germantown,TN,38138
6161,112 Broad St.,,Red Bank,NJ,7701
6162,1645 Route 22 West,,Watchung,NJ,7069
6163,7300 Parkside Drive,,Parkland,FL,33067
6164,5620 Hauserman,,Parma,OH,44130
6165,570 Parsons Ave.,,Chillicothe,OH,45601
6166,603 West Broad Street,,Quakertown,PA,18951
6167,414 Michigan St. ,,Petoskey,MI,49770
6168,145 West Street,,Edwardsville,IL,62025
6169,,,,,
6170,603 W. Broad Street,,Quakertown,PA,18951
6171,4200 Federal Blvd.,,Denver ,CO,80211
6172,7075 Ashworth Rd,,West Des Moines,IA,50266
6173,23225 Lyons Ave.,,Santa Clarita,CA,91321
6174,same as shipping,,,,
6207,255 Wilmot Road,,New Rochelle,NY,10804
6208,,,,,
6209,333 Jeremiah Blvd.,,Charlotte,NC,28262
6210,2450,,university heights,OH,44118
6211,300 E. Eagle Road,,Havertown,PA,19083
6212,380 E. Hickory Grove Rd.,,Bloomfield Hills,MI,48304
6213,5125 S. Apopka Vineland Rd.,,Orlando,FL,32819
6214,33866 Calle La Primavera,,Dana Point,CA,92629
6215,14131 Seneca Road,,Darnestown,MD,20874
6216,,,,,
6217,,,,,
6218,300 Fairmont Blvd,,Rapid City,SD,57701
6219,600 Driscoll Road,,Fremont,CA,94539
6220,682 Palm St.,,San Luis Obispo,CA,93401
6221,538 Church St,,Middletown,NJ,7748
6222,,,,,
6223,,,,,
6224,550 NE 16th Ave,,Gainesville,FL,32601
6225,1122 Long Avenue,,Richland,WA,99354
6226,1401 22nd Street South,,Birmingham,AL,35205
6227,450 9th Avenue,,Granite Falls,MN,56241-1399
6228,452 E. Bow St.,,Elkton,MD,21921
6229,,,,,
6230,19812 Cantlay St.,,Winnetka,CA,91306
6231,81 Lacy Street,,Marietta,GA,30060
6232,7377 SW 64 Street,,Miami,FL,33143
6233,240 Arnold St,,HAPEVILLE,GA,30354
6234,C/O Shelly Piecuch,,4433 W Willow Hwy,Lansing,MI
6235,9972 Vale Road,,Vienna,VA,22181
6236,,,,,
6237,1300 Casazza Drive ,,Reno,NV,89502
6238,,,,,
6239,,,,,
6240,,,,,
6241,147 Chestnut Ridge Road,,Saddle RIver,NJ,7458
6242,8100 Roos Rd.,,Houston,TX,77036
6243,1301 Marsh Springs Lane,,Collierville,TN,38017
6244,540A Line Rd,,Holmdel,NJ,7733
6245,Jennifer Milam,,1290 West Market St.,Akron,OH
6246,750 West 26th Street,,Marion,IN,46953
6247,St. Joseph's School ,,430 Coram Ave,Shelton,CT
6248,3316 Sandra Ln,,Virginia Beach,VA,23464
6249,781 Grove Street,,Worcester,MA,1605
6250,511.South Buena Vista St,,Burbank,CA,91505
6251,2896 South Congress Ave,,Palms Springs ,FL,33461
6252,2450 NE 27th St.,,Bend,OR,97701
6253,t,,t,TN,t
6254,,,,,
6255,,,,,
6256,3307 S. 10th Street,,Milwaukee,WI,53215
6257,N. 4515 Alberta,,Spokane,WA,99021
6258,,,,,
6259,155 Country Road 24,,Wayzata,MN,55391
6260,140 S. Oxford Ave.,,McSherrystown,PA,17344
6261,1000 44th Ave N Suite 100,,St. Cloud,MN,56303
6262,1000 44th Ave N Suite 100,,St. Cloud,,56303
6263,1000 44th Ave N Suite 100,,St. Cloud,,56303
6265,1215 B Street,,Davis,CA,95616
6266,,,,,
6267,,,,,
6268,,,,,
6269,12917 E Maple Grove,,Mount Hope,KS,67108
6270,,,,,
6271,,,,,
6272,4107 Birchton St.,,Houston,TX,77080
6273,205 Milwaukee Ave,,Waterloo,WI,53594
6274,607 Seventh Avenue,,Belmar,NJ,7719
6275,907 New Rd.,,Wilmington,DE,19805
6277,12006 Amblewood Drive,,Laurel,MD,20708
6279,223 Chittenden Road,,Chittenden,VT,5737
6280,144 Granite St,,Worcester,MA,1604
6281,2855 Briarcliff Road NE,,Altanta,GA,30329
6282,80 University Blvd.,,East,Silver Spring,
6283,,,,,
6284,,,,,
6285,,,,,
6286,,,,,
6287,,,,,
6289,,,,,
6291,3700 Devine Street,,Columbia,SC,29205
6292,,,,,
6293,,,,,
6294,,,,,
6295,1699 Hilton Drive,,Park Hills,KY,41011
6296,,,,,
6297,1601 N. TN Blvd,,Murfreesboro,TN,37130
6298,,,,,
6299,,,,,
6300,14 Main Street North,,St. Michael,MN,55376
6301,612 E.Washington St,,Medina,OH,44256
6302,,,,,
6303,247 Broadway,,Saratoga Springs,NY,12866
6304,,,,,
6305,,,,,
6306,,,,,
6307,3660 Vineyard Pl.,,Cincinnati,OH,45226
6308,3601 66th ST,,Urbandale,IA,50322
6310,1720 NW 19th St.,,Redmond,OR,97756
6311,,,,,
6313,805 East Northern Avenue,,Crowley,LA,70526
6314,,,,,
6315,,,,,
6316,10 Waldron Ave.,,Barrington,RI,2806
6317,Charleston Catholic High School,,1033 Virginia Street,East,Charleston
6318,480 South Bryn Mawr Avenue,,Bryn Mawr,PA,19010
6319,7129 Co Rd K ,,Middleton,WI,53562
6321,453 N. Notre Dame Avenue,,South Bend,IN,46617
6322,7705 Georgia Ave,,Washington ,DC,20012
6323,,,,,
6324,,,,,
6326,,,,,
6327,108 E. Liberty St.,,Lancaster,PA,17602
6328,3000 Reeves Rd.,,Warren,OH,44483
6329,2 Teibrook,,Syosset,NY,11791
6330,377 Highland Blvd.,,Paducah,KY,42003
6331,127 East Pike Street,,Clarksburg,WV,26301
6332,931 Byers Ave,,Joplin,MO,64801-4307
6333,3601 S Lowell Blvd,,Denver,CO,80236
6334,1580 Brown St,,Akron,OH,44301
6335,1880 Northam Road,,Columbus,OH,43221
6336,,,,,
6337,,,,,
6338,175 phelan ave,,san francisco,CA,94112
6340,545 North Oak Street,,Reedsburg,WI,53959
6341,PO Box 250,,Fredonia,WI,53021
6342,7301 Old Madison Pike,,Huntsville,AL,35806
6344,,,,,
6345,,,,,
6346,,,,,
6349,1322 Sleepy Hollow Rd.,,Ft. Wright,KY,41011
6351,291 Central Park West,,New York,NY,10024
6352,,,,,
6353,,,,,
6354,33 Cottage Place,,Montclair,NJ,7042
6355,,,,,
6356,405 Allendale Road,,King of Prussia,PA,19406
6357,1000 44th Ave N Suite 100,,St. Cloud,,56301
6358,48 Negus Street,,Webster,MA,1570
6359,233 West Chery Street,,Shenandoah,PA,17976
6361,,,,,
6362,54805 Grenelefe ,,South Lyon,MI,48178
6364,15325 Pinehurst St,,Detroit,MI,48238
6365,,,,,
6366,1183 Russell Drive,,Mt. Pleasant,SC,`29464
6367,,,,,
6368,13000 Promise Rd,,Fishers,IN,46038
6369,248 New Ballwin Road,,Ballwin,MO,63021
6370,,,,,
6371,6 Bartlett Avenue,,Nashua,NH,3064
6373,,,,,
6374,,,,,
6378,,,,CA,
6379,905 Kentucky Avenue,,San Antonio,TX,78201
6380,905 Kentucky Avenue,,San Antonio,TX,78201
6381,1600 Eagle Way,,Lake Villa,IL,60046
6383,1900 Washington Blvd. ,,Easton,PA,18042
6384,,,,,
6385,30606,,patricia.thurston@sjsathens.org,,
6386,453 east 166 street ,,Queens,NY,11096
6387,,,,,
6388,1968 Sandbridge Rd,,Virginia Beach,VA,23456
6389,,,,,
6390,3312 Park Lane Dr,,Birmingham,AL,35226
6392,117 Caldwell Drive,,Hendersonville,TN,37075
6393,9049 NW 53rd Manor,,Coral Springs,FL,33067
6394,1600 Eagle Way,,Lake Villa,IL,60046
6395,,,,,
6396,,,,,