7886256140,56.79
7886256900,51.59
7886128140,36.49
7886128900,31.29
788696140,17.69
788696900,15.99
788616140,10.19
788616900,8.49
7888256195,41.99
7888256900,39.29
788896195,18.19
788896900,16.69
BP8777288140,14.39
BP8777288195,14.39
BP8777288900,11.59
BP8777128140,6.39
BP8777128195,6.39
BP8777128900,4.99
BP8740320140,33.19
BP8740320195,33.19
BP8740160140,18.89
BP8740160195,18.89
7887200140,39.99
7887200195,43.99
7887200900,38.59
7.87516E+12,34.29
7.87516E+12,34.29
7.87526E+12,48.79
7.87526E+12,48.79
6266320140,33.79
6266320910,52.39
6266160140,16.59
6266160910,30.59
7878320140,31.29
7878320174,31.29
7878320912,31.29
787896140,14.79
787896174,13.99
787896912,13.99
7878160140,19.19
7878160174,19.19
7878160912,19.19
7996320140,40.99
7996320173,40.99
7996320195,40.99
799632092,40.99
7996160140,24.99
7996160173,24.99
7996160195,24.99
799616092,24.99
7990512OBRZ,35.99
7.99051E+12,35.99
7990512140,35.99
7.99051E+11,35.99
7.99051E+11,35.99
7.99051E+11,35.99
7990320OBRZ,31.99
7.99032E+12,31.99
7990320140,31.99
7.99032E+11,31.99
7.99032E+11,31.99
7.99032E+11,31.99
7990192OBRZ,22.99
7.99019E+12,22.99
7990192140,22.99
7.99019E+11,22.99
7.99019E+11,22.99
7.99019E+11,22.99
7987448OBRZ,41.99
7987448140,41.99
7987448165,41.99
7987448195,41.99
7987160OBRZ,27.99
7987160140,27.99
7987160165,27.99
7987160195,27.99
7975384OBRZ,40.99
7975384140,40.99
7975384165,40.99
7975384195,40.99
7975192OBRZ,25.99
7975192140,25.99
7975192165,25.99
7975192195,25.99
797596OBRZ,18.49
797596140,18.49
797596165,18.49
797596195,18.49
7979256OBRZ,28.99
7979256140,28.99
7979256165,28.99
7979256195,28.99
7979128OBRZ,18.49
7979128140,18.49
7979128165,18.49
7979128195,18.49
79761699OBRZ,10.49
79761699140,10.49
79761699165,10.49
79761699195,10.49
79761654OBRZ,8.99
79761654140,8.99
79761654165,8.99
79761654195,8.99
798626OBRZ,10.49
798626140,10.49
798626165,10.49
798626195,10.49
798632OBRZ,12.99
798632140,12.99
798632165,12.99
798632195,12.99
798118OBRZ,8.49
798118140,8.49
798118165,8.49
798118195,8.49
798125OBRZ,9.49
798125140,9.49
798125165,9.49
798125195,9.49
7373160130,22.49
7373160140,22.49
7373160191,22.49
7373320130,36.49
7373320140,36.49
7373320191,36.49
BP8717128HBRZ,13.19
BP8717128140,13.19
BP8717192HBRZ,18.39
BP8717192140,18.39
7474160131,61.49
7474160140,54.99
BP4789128140,7.39
BP4789192140,10.29
BP6227128140,6.89
BP6227128195,6.89
BP6227192140,9.79
BP6227192195,9.79
BP62273232140,4.79
BP62273232195,4.79
783332140,20.39
8415192195,41.99
8415192552,41.99
8415192553,41.99
8415192905,39.99
7020256210,99.99
7020256215,99.99
7020256220,74.99
704096210,72.99
704096215,72.99
704096220,55.99
7050180210,128.99
7050180215,128.99
7050180220,96.99
7030128210,72.99
7030128215,72.99
7030128220,53.99
6899224300,65.59
6899224900,65.59
5.85819E+12,87.39
5.85819E+12,92.29
5.85813E+12,57.39
5.85813E+12,60.69
5.85816E+11,30.49
5.85816E+11,32.19
555696195,242.39
55569630,161.59
555696900,161.59
555664195,134.39
55566430,89.39
555664900,89.39
BP5187320195,45.99
BP5187320905,45.99
5187320140,45.99
5187320195,45.99
5187320905,45.99
BP5187192195,35.49
BP5187192905,35.49
5187192140,35.49
5187192195,35.49
5187192905,35.49
BP5187128195,26.99
BP5187128905,26.99
5187128140,26.99
5187128195,26.99
5187128905,26.99
BP5187043195,18.49
BP5187043905,14.99
5187043140,20.99
5187043195,20.99
5187043905,20.99
5182160140,31.99
5182160195,31.99
5182160905,31.99
5182096140,26.59
5182096195,26.59
5182096905,26.59
5182064140,21.99
5182064195,21.99
5182064905,21.99
5183224140,36.99
5183224195,36.99
5183224905,36.99
5183128140,29.99
5183128195,29.99
5183128905,29.99
5183020140,11.99
5183020195,11.99
5183020905,11.99
5180096140,38.99
5180096195,38.99
5180096905,38.99
5180032140,25.99
5180032195,25.99
5180032905,25.99
5180064140,31.99
5180064195,31.99
5180064905,31.99
6216140,48.59
621614090,48.59
3222414090,60.59
480224140,50.39
480320140,61.89
480448140,80.99
480544140,107.49
480038140,17.99
167288140,47.59
167128140,31.49
7.79413E+11,33.99
7.79416E+11,46.99
7.79432E+11,57.99
77943290140,30.99
77949690140,31.99
10056416140,62.99
10056160140,23.09
57916014030,54.99
57916014090,54.99
21721714030,17.59
21721714090,17.59
5736014030,49.99
5736014090,49.99
7830192091,29.99
7830192140,29.99
BP720128140,8.79
BP720128195,8.79
BP720128900,8.79
BP720160140,10.29
BP720160195,10.29
BP720160900,10.29
BP720192140,11.59
BP720192195,11.59
BP720256140,12.49
BP720256195,12.49
BP720320140,14.29
BP720320195,14.29
BP720320900,14.29
BP720416140,16.99
BP720416195,16.99
BP720480140,18.89
BP720480195,18.89
BP720544140,22.49
BP720544195,22.49
BP720544900,22.49
BP720640140,26.59
BP720640195,26.59
BP720640900,26.59
BP72064140,5.49
BP72064195,5.49
BP720768140,30.49
BP720768195,30.49
BP720768900,30.49
BP72096140,7.89
BP72096195,7.89
BP72096900,7.89
61851280195,323.99
61851280900,323.99
61852000195,381.99
61852000900,381.99
6185320195,125.99
6185320900,125.99
6185640195,213.99
6185640900,213.99
6185960195,236.99
6185960900,236.99
58731600140,233.49
58731600195,233.49
5873200140,48.39
5873200195,48.39
5873350140,59.29
5873350195,59.29
5873800140,131.49
5873800195,131.49
BP500128195,14.39
BP500160195,15.09
BP500192195,15.39
BP500256195,16.49
BP500320195,17.49
BP500448195,19.49
BP500576195,21.59
BP520128195,12.59
BP520192195,12.99
BP520288195,14.89
BP520384195,16.79
BP520576195,20.99
BP52096195,10.99
BP527128195,9.29
BP527160195,9.69
BP527180195,9.99
BP527192195,10.19
BP527224195,10.49
BP527256195,11.19
BP527288195,11.49
BP527320195,12.09
BP527416195,14.29
BP527576195,16.79
BP52796195,8.89
BP34871019170,48.89
BP3487105170,10.19
BP3487128170,10.89
BP3487143170,11.39
BP3487181170,11.89
BP3487219170,12.49
BP3487257170,14.29
BP3487333170,15.39
BP3487410170,18.19
BP3487486170,19.99
BP3487562170,21.59
BP3487638170,34.19
BP3487714170,38.69
BP3487790170,39.79
BP3487867170,40.99
BP3487943170,45.49
BP348796170,9.69
BP348740170,6.09
348740170,6.09
BP2102128170,11.59
BP2102160170,13.29
BP2102192170,14.69
2102128170,11.59
2102160170,13.29
2102192170,14.69
70031128170,12.59
70031192170,15.79
70031224170,16.79
BP30134170,8.59
30134170,8.59
BP30135170,9.79
30135170,9.79
75075171,26.29
75100171,28.39
BP3409128170,11.59
BP340996170,10.49
BP34013170,12.59
BP34015170,14.69
34015170,14.69
BP2105096170,10.49
BP2105128170,11.59
BP2105160170,12.59
2105096170,10.49
2105128170,11.59
BP245170,20.99
245170,20.99
BP33205170,7.39
33205170,7.39
75126171,50.39
75098170,16.49
75070170,13.49
BP1341112810,17.89
BP1341116010,20.99
BP1341122410,25.19
BP1341132010,33.59
BP1390132410,50.39
BP1390160810,86.09
BP3506312810,10.39
BP1310112810,12.09
BP13101128140,9.99
BP13101128170,10.69
BP1310112830,8.39
BP1310116010,15.29
BP13101160140,13.69
BP13101160170,14.69
BP1310116030,10.49
BP1310119210,17.89
BP13101192140,15.09
BP13101192170,16.59
BP1310119230,11.59
BP1310122410,19.99
BP13101224140,18.39
BP13101224170,19.79
BP1310122430,14.69
BP1310132010,26.29
BP13101320140,24.99
BP13101320170,27.49
BP1310132030,23.09
1310112810,12.09
1310116010,15.29
1310119210,17.89
BP46072019210,19.99
BP46072022410,20.99
BP46072010,6.19
BP46071519210,19.99
BP46071522410,20.99
BP46071510,4.89
BP467016010,12.59
BP46703210,5.19
BP46709610,6.99
BP460112810,9.49
BP46013210,5.29
BP46019610,7.39
4601128184,9.99
BP460412810,8.39
BP46043210,4.79
BP46049610,8.79
460412810,9.49
46043210,5.19
46049610,8.79
1414512BB,75.99
1414512142,75.99
1414512909,75.99
1414288BB,57.99
1414288142,57.99
1414288909,57.99
1414128BB,44.99
1414128142,44.99
1414128909,44.99
49430BB,9.79
49430142,9.79
49430909,9.79
4948BB,14.79
4948142,14.79
4948909,14.79
777316081,40.99
7773160902,33.99
777316093,40.99
7811160908,21.49
7811128908,20.49
776719281,35.99
7767192902,29.49
776719293,35.99
77673281,15.49
776732902,12.49
77673293,15.49
77736481,28.99
777364902,24.49
77736493,28.99
BP33652160909,16.59
33652160909,15.99
BP440475909,10.29
440475909,9.69
33651128909,14.69
392726909,4.99
7430128903,32.59
743096903,28.19
806031903,12.09
7440128903,32.59
744096903,25.19
807030903,11.39
BP7013160242,30.69
BP701396242,19.09
BP98760242,17.19
717142,20.79
8770910,16.49
61689116195,36.99
61689116900,20.49
14135160,32.99
14135185,32.99
16335140,24.99
16335185,24.99
16330140,21.49
16330185,21.49
BP20630195,12.99
BP20630900,9.29
61697796174,20.39
61697796195,31.59
61643924174,14.49
61643924195,22.99
6.16105E+12,81.89
6.16435E+11,70.89
61643450195,44.49
BP669128195,29.99
BP66996195,24.99
BP674128195,34.79
BP67496195,23.19
7811195,11.59
7.45242E+11,45.49
7.45238E+11,26.29
7.45239E+11,20.99
BP356011140,15.79
2171619140,10.99
74523732195,20.29
7.45236E+11,28.99
61632740140,14.79
61632740195,17.49
15132160180,6.29
463195,11.99
77150224195,71.39
21693160140,36.79
21693160174,36.79
21690128140,35.99
21690160140,40.79
21723128140,20.99
BP650128BORB,7.39
BP650128CHBRZ,8.09
BP650128HBRZ,8.09
BP650128143,7.39
BP650128160,8.09
BP650128169,8.09
BP650128180,7.39
BP650128192,8.09
BP650128195,7.39
BP650128900,7.39
BP650192BORB,10.49
BP650192CHBRZ,11.09
BP650192HBRZ,11.09
BP650192143,10.49
BP650192160,11.09
BP650192169,11.09
BP650192180,10.49
BP650192192,11.09
BP650192195,10.49
BP650192900,10.49
BP65096BORB,5.99
BP65096CHBRZ,6.59
BP65096HBRZ,6.59
BP65096143,5.99
BP65096160,6.59
BP65096169,6.59
BP65096180,5.99
BP65096192,6.59
BP65096195,5.99
BP65096900,5.99
BP65076BORB,4.99
BP65076143,4.99
BP65076160,4.99
BP65076180,4.99
BP65076195,4.99
BP65076900,4.99
BP65038BORB,3.09
BP65038CHBRZ,3.09
BP65038HBRZ,3.09
BP65038143,3.09
BP65038160,3.09
BP65038169,3.09
BP65038180,3.09
BP65038192,3.09
BP65038195,3.09
BP65038900,3.09
7884160140,21.99
7884160195,21.99
7884320140,33.99
7884320195,34.89
BP8742160140,24.19
BP8742160195,25.19
BP8742320140,34.69
BP8742320195,36.79
4343160195,28.99
4343320195,63.99
BP6367128140,10.49
BP6367128195,10.49
BP636796140,6.29
BP636796195,6.29
BP884432140,3.69
BP884445140,6.09
BP68892929140,6.09
BP68892929195,6.09
9143150140,57.79
9143150195,57.79
9143150905,57.79
914270140,53.39
914270195,53.39
914270905,53.39
914250140,40.99
914250195,40.99
914250905,40.99
2307150140,33.79
2307150195,33.79
2307150915,33.79
BP72117195,24.99
BP72117174,24.99
61672150195,34.99
BP721132195,54.99
61642732174,49.99
BP714213183,39.99
BP714143183,29.99
BP72965183,19.99
1026140195,122.99
6.16743E+11,20.99
6.16748E+11,30.99
210196140,21.19
210196184,20.49
210164140,18.49
210164184,17.19
9145199RAW,75.59
9145199140,85.69
9145199195,85.69
9147210RAW,95.49
9147210140,105.29
9147210195,105.29
90964330,56.19
909643900,56.19
6.16788E+11,45.99
61678832195,22.99
17514160195,38.99
136545195,15.99
136557195,22.99
BP61675296185,17.99
BP61675296191,27.99
BP61675296195,19.99
BP61675296900,14.99
6.16752E+11,21.99
61675296195,19.99
2170096174,17.99
2170016174,11.99
6.16886E+11,35.59
61688632195,19.99
61688696195,26.49
74538050195,18.99
74537938195,12.99
74537825195,9.99
BP8716128CHBRZ,7.79
BP8716128HBRZ,7.79
BP8716128140,7.79
BP8716128185,7.79
BP8716128195,7.79
BP8716128900,7.79
BP8716192CHBRZ,13.99
BP8716192HBRZ,13.99
BP8716192140,13.99
BP8716192195,13.99
BP8716320CHBRZ,22.59
BP8716320HBRZ,22.59
BP8716320140,22.59
BP8716320195,22.59
BP8716480CHBRZ,31.49
BP8716480HBRZ,31.49
BP8716480140,31.49
BP8716480195,31.49
BP871696CHBRZ,6.89
BP871696HBRZ,6.89
BP871696140,6.89
BP871696195,6.89
6579128180,37.49
6579128192,37.49
6579128195,37.49
6574128180,30.49
6574128192,30.49
6574128195,30.49
688440180,21.49
688440192,21.49
688440195,21.49
6576128180,30.99
6576128192,30.99
6576128195,30.99
68893838180,17.49
68893838192,17.49
68893838195,17.49
BP777835202,35.19
BP7778352100,35.19
BP7778352166,35.19
BP777835270,35.19
BP777835280,35.19
BP777835290,35.19
BP777816002,20.19
BP7778160100,20.19
BP7778160166,20.19
BP777816070,20.19
BP777816080,20.19
BP777816090,20.19
BP650192D307,10.49
BP650192D379,10.49
BP650192D498,10.49
BP650192D499,10.49
BP650192D501,10.49
BP650192D502,10.49
BP650128D307,7.59
BP650128D379,7.59
BP650128D498,7.59
BP650128D499,7.59
BP650128D501,7.59
BP650128D502,7.59
BP65096D307,6.09
BP65096D379,6.09
BP65096D498,6.09
BP65096D499,6.09
BP65096D501,6.09
BP65096D502,6.09
BP65038D307,3.09
BP65038D379,3.09
BP65038D498,3.09
BP65038D499,3.09
BP65038D501,3.09
BP65038D502,3.09
BP9041D307,4.19
BP9041D379,4.19
BP9041D498,4.19
BP9041D499,4.19
BP9041D501,4.19
BP877812814011,13.79
BP877825614011,20.59
BP877841614011,32.19
BP3993404014011,8.49
2.17202E+12,33.99
2.17202E+13,33.99
2.17202E+13,33.99
2172219511,16.49
21722195120,16.49
21722195750,16.49
BP122507607,7.89
BP1225076119,7.89
BP1225076411,7.89
BP122507678,7.89
BP122507680,7.89
BP122503407,4.59
BP122503478,4.59
BP122503580,4.59
BP1225034119,4.59
BP1225034411,4.59
BP61293230,6.79
BP61293290,6.79
BP61296430,9.99
BP61296490,9.99
BP68519511,39.99
BP61263230,5.29
BP61263290,5.29
BP61266430,7.99
BP61266490,7.99
BP68519512,49.99
BP83512,29.49
BP83517,29.49
BP835749,29.49
BP83312,16.49
BP833749,16.49
83317,16.49
789512806,6.99
789512807,6.99
7895128117,6.99
789512870,6.99
789512871,6.99
789512880,6.99
BP872919270,6.79
BP872919280,6.79
BP872912870,4.89
BP872912880,4.89
BP87299670,4.39
BP87299680,4.39
BP8729453070,2.79
BP8729453080,2.79
40474011131,123.79
40474090172,123.79
40473011131,111.59
40473090172,111.59
BP903013011,47.99
BP903014095,47.99
9030AE11,47.99
9030AE12,47.99
903013011,47.99
903014011,47.99
903014095,47.99
903019511,47.99
903019512,47.99
50364014011,41.99
404401130,129.69
183013021,42.99
183014022,42.99
153013012,47.99
153014012,47.99
153014212,47.99
153019512,47.99
BP276AE11,77.99
BP276BORB11,77.99
BP27613011,72.49
BP27619511,80.49
991213011,31.99
992313018,35.99
992314018,35.99
BP999313011,34.49
999313011,34.49
993213011,108.49
993313011,59.19
BP87373014011,5.89
BP87373014090,6.89
BP87374014011,6.99
BP87374014090,8.79
BP87375014011,13.69
BP87375014090,17.89
BP87765014011,16.79
BP282804014011,5.79
BP2828023014011,5.29
BP87765014090,20.99
BP30304014090,9.09
BP30303014090,6.89
20241619511,342.99
2.02413E+11,410.99
20271619511,301.99
30793214011,110.49
30793214013,110.49
30783214011,161.49
30783214013,161.49
30774814011,99.99
30774814013,99.99
77882511,43.89
77882590,40.89
30751614011,45.39
30751614013,45.69
21719140,50.49
7.45204E+13,78.19
7.45204E+13,78.19
7.45116E+13,70.99
7.45116E+13,70.99
7.45115E+12,43.99
7.45115E+12,43.99
217009690,97.99
217001690,58.29
7.45366E+13,53.29
7.45366E+13,53.29
7.45112E+12,34.19
7.45112E+12,34.19
643246180,38.99
643260180,38.99
643283180,38.99
643046180,30.49
643060180,30.49
643083180,30.49
646432023,35.49
646432024,35.49
646432027,35.49
646432033,35.49
646432035,35.49
6366160322,24.49
636632322,19.49
58500195321,89.79
59917195321,41.69
6.16791E+14,70.49
6.1641E+13,29.69
938305195AB,179.89
938203195AB,134.99
22218195AMC,135.79
22228195AMC,135.79
940816195AMC,116.89
94116195AMC,116.89
246110195AMC,80.39
870160195AMC,69.99
710610195AMC,54.99
7081195AMC,33.99
7092195AMC,37.89
938128195AB,25.59
938192195AB,33.59
938224195AB,41.79
93896195AB,17.79
BP3487105170AB,16.79
BP3487128170AB,18.39
BP3487143170AB,19.49
BP3487181170AB,20.59
BP3487219170AB,21.39
BP3487257170AB,23.59
BP3487333170AB,26.99
BP3487410170AB,30.59
BP3487486170AB,33.29
BP3487562170AB,36.59
BP3487638170AB,38.59
BP348796170AB,17.79
BP348740170AB,15.79
93232195AB,14.99
375128195AMC,44.39
375160195AMC,49.39
37596195AMC,39.99
7513195AMC,31.99
75235195AMC,32.99
7534195AMC,34.99
7545195AMC,38.99
7556195AMC,40.99
BP536558195,167.59
BP535553195,52.99
BP535556195,92.69
BP710555195,37.39
BP710552195,30.09
BP667556195,72.69
BP669556195,75.39
BP718554195,65.39
BP5075535195,71.39
BP52155125195,34.19
443736195,198.99
443544195,174.69
BP150256195,37.49
BP15018195,99.79
441544195,205.79
441448195,181.49
BP447390174,65.09
BP2602145,7.39
2602145,7.39
6.16941E+11,199.99
1003500195,279.19
1003128195,73.79
BP446600195,83.99
BP719762195,55.69
719762195,55.69
BP719160195,16.79
719160195,16.79
BP719128195,13.69
719128195,13.69
BP71996195,13.19
71996195,13.19
BP765304AE,52.49
BP765304BORB,52.49
BP765304143,52.49
BP765304180,52.49
BP765304195,52.49
392112BORB,109.99
392112180,109.99
392112195,109.99
502112BORB,104.99
502112180,104.99
502112195,104.99
BP740304AE,60.89
BP740304BORB,60.89
BP740304143,60.89
BP740304180,60.89
BP740304195,60.89
BP5810256BORB,32.59
BP5810256195,32.59
BP5810256908,32.59
BP8710256BORB,34.69
BP8710256142,34.69
BP8710256195,34.69
BP82259AE,66.89
BP82259BORB,66.89
BP82259195,66.89
BP821211BORB,70.59
BP821211195,70.59
821211BORB,70.59
821211195,70.59
BP82555195,65.09
82555AE,65.09
BP82300195,66.19
82300AE,66.19
BP82718AE,66.39
BP82718BORB,66.39
BP82718195,66.39
BP82290AE,66.89
BP82290BORB,66.89
BP82290195,66.89
BP82262AE,66.19
BP82262BORB,66.19
82262195,66.19
BP8730320HBRZ,86.09
BP8730320140,86.09
BP8730320195,86.09
BP9463280900,140.19
BP9469220900,43.09
BP9547160900,32.39
BP9547224900,36.29
BP9547384900,47.09
BP9466128900,14.49
BP9466192900,19.39
BP9466320900,26.29
BP9465150900,6.79
BP9465205900,10.99
BP9465305900,17.49
BP9468207900,18.29
BP9464128900,6.49
BP9464305900,19.09
BP9462162900,10.09
BP9654160900,26.29
BP9656160900,26.29
BP775780142,14.69
BP77578080,14.69
BP77578090,14.69
BP775578142,17.89
BP77557880,17.89
BP77557890,17.89
BP775935142,11.59
BP77593580,11.59
BP77593590,11.59
BP775973142,15.29
BP77597380,15.29
BP77597390,15.29
BP775464142,17.89
BP77546480,17.89
BP77546490,17.89
BP775040142,8.89
BP77504080,8.89
BP77504090,8.89
6565320147,133.99
6565320186,116.49
6565320194,127.99
6565192147,50.99
6565192186,58.99
6565192194,61.99
6565128147,26.79
6565128186,23.29
6565128194,25.79
658396147,44.39
658396186,38.19
658396194,42.39
658338147,32.79
658338186,28.39
658338194,30.79
65655821147,17.49
65655821186,14.19
65655821194,15.79
CODP800P2CPB,49.40
CODP800P2DKB,49.40
CODP800P2PWB,49.40
COPL625P2CPB,44.90
COPL625P2DKB,44.90
COPL625P2PWB,44.90
COPL375P2CPB,15.55
COPL375P2DKB,15.55
COPL375P2PWB,15.55
COKN138C4CPB,15.55
COKN138C4DKB,15.55
COKN138C4PWB,15.55
COKN175C4CPB,31.05
COKN175C4DKB,31.05
COKN175C4PWB,31.05
COKN175C2CPB,38.80
COKN175C2DKB,38.80
COKN175C2PWB,38.80
COKN138C2CPB,15.55
COKN138C2DKB,15.55
COKN138C2PWB,15.55
COKN175C3CPB,31.05
COKN175C3DKB,31.05
COKN175C3PWB,31.05
COKN138C3CPB,15.55
COKN138C3DKB,15.55
COKN138C3PWB,15.55
MTDP800P1CPB,49.40
MTDP800P1DKB,49.40
MTDP800P1PWB,49.40
MTPL625P1CPB,44.90
MTPL625P1DKB,44.90
MTPL625P1PWB,44.90
MTPL375P1CPB,15.55
MTPL375P1DKB,15.55
MTPL375P1PWB,15.55
COKN175C1CPB,23.30
COKN175C1DKB,23.30
COKN175C1PWB,23.30
COKN138C1CPB,15.55
COKN138C1DKB,15.55
COKN138C1PWB,15.55
6328812DB,263.99
6328812PB,301.69
632884DB,33.59
632884PB,40.79
8417712DB,63.29
8417712PB,71.29
841774DB,21.89
841774PB,23.09
19952DB,43.39
19952PB,48.79
19942DB,21.39
19942PB,24.09
19935DB,19.99
19935PB,22.49
19928DB,14.69
19928PB,16.39
3366812DB,303.19
3366812PB,330.69
2907510DB,179.59
2907510PB,199.49
30584DB,35.69
30584PB,39.89
878750DB,24.99
878750PB,28.99
878740DB,15.79
878740PB,16.59
955938DB,24.19
955938PB,27.19
510440DB,26.29
510440PB,28.89
510430DB,16.89
510430PB,18.79
875430DB,16.59
875430PB,19.29
388912FB,118.29
388912132,111.79
388912908,106.69
38898FB,97.29
38898132,88.19
38898908,77.29
3889128FB,36.19
3889128132,29.29
3889128908,25.79
388838FB,21.79
388838132,16.59
388838908,14.19
388832FB,20.59
388832132,14.19
388832908,11.79
388712FB,49.49
388712132,39.99
388712908,39.79
388664FB,33.59
388664132,26.69
388664908,23.59
38878FB,35.29
38878132,27.99
38878908,25.89
3887128FB,20.19
3887128132,14.90
3887128908,14.59
388538FB,24.99
388538132,17.79
388538908,16.29
388532FB,21.79
388532132,13.19
388532908,12.89
392108BORB,67.39
392108180,63.99
392108195,65.99
3921160BORB,22.79
3921160180,18.69
3921160195,21.59
3921128BORB,19.89
3921128180,15.99
3921128195,19.09
392134BORB,15.09
392134180,12.39
392134195,14.49
502108BORB,69.99
502108180,63.19
502108195,68.99
502106BORB,31.29
502106180,29.19
502106195,30.39
502104BORB,23.79
502104180,21.59
502104195,22.79
501238BORB,19.49
501238180,17.29
501238195,18.39
501232BORB,14.89
501232180,11.89
501232195,13.99
BP8788192CHBRZ,20.99
BP8788192HBRZ,20.99
BP8788192140,20.99
BP8788192195,20.99
BP8788320CHBRZ,56.69
BP8788320HBRZ,56.69
BP8788320140,56.69
BP8788320195,56.69
BP8788128CHBRZ,12.59
BP8788128HBRZ,12.59
BP8788128140,12.59
BP8788128195,12.59
BP878896CHBRZ,9.69
BP878896HBRZ,9.69
BP878896140,9.69
BP878896195,9.69
BP87883545CHBRZ,8.59
BP87883545HBRZ,8.59
BP87883545140,8.59
BP87883545195,8.59
BP87883535CHBRZ,6.89
BP87883535HBRZ,6.89
BP87883535140,6.89
BP87883535195,6.89
BP8795320CHBRZ,50.99
BP8795320HBRZ,50.99
BP8795320140,50.99
BP8795320195,50.99
BP8795192CHBRZ,20.99
BP8795192HBRZ,20.99
BP8795192140,20.99
BP8795192195,20.99
BP8795128CHBRZ,12.09
BP8795128HBRZ,12.09
BP8795128140,12.09
BP8795128195,12.09
BP879596CHBRZ,9.49
BP879596HBRZ,9.49
BP879596140,9.49
BP879596195,9.49
BP87953333CHBRZ,5.99
BP87953333HBRZ,5.99
BP87953333140,5.99
BP87953333195,5.99
BP7070128CHBRZ,11.19
BP7070128HBRZ,11.19
BP7070128140,11.19
BP7070128195,11.19
BP7070192CHBRZ,25.99
BP7070192HBRZ,25.99
BP7070192140,25.99
BP7070192195,25.99
BP7070320CHBRZ,52.49
BP7070320HBRZ,52.49
BP7070320140,52.49
BP7070320195,52.49
BP707096CHBRZ,8.69
BP707096HBRZ,8.69
BP707096140,8.69
BP707096195,8.69
BP707040CHBRZ,7.79
BP707040HBRZ,7.79
BP707040140,7.79
BP707040195,7.79
BP707032CHBRZ,5.19
BP707032HBRZ,5.19
BP707032140,5.19
BP707032195,5.19
BP8822128CHBRZ,10.49
BP8822128HBRZ,10.49
BP8822128140,10.49
BP8822128195,10.49
BP8822192CHBRZ,15.79
BP8822192HBRZ,15.79
BP8822192140,15.79
BP8822192195,15.79
BP8822320CHBRZ,30.49
BP8822320HBRZ,30.49
BP8822320140,30.49
BP8822320195,30.49
BP88223030CHBRZ,4.79
BP88223030HBRZ,4.79
BP88223030140,4.79
BP88223030195,4.79
BP878996CHBRZ,9.29
BP878996HBRZ,9.29
BP878996140,9.29
BP878996195,9.29
BP8789128CHBRZ,14.69
BP8789128HBRZ,14.69
BP8789128140,14.69
BP8789128195,14.69
BP8789192CHBRZ,17.39
BP8789192HBRZ,17.39
BP8789192140,17.39
BP8789192195,17.39
BP8789320CHBRZ,57.79
BP8789320HBRZ,57.79
BP8789320140,57.79
BP8789320195,57.79
BP878930CHBRZ,7.59
BP878930HBRZ,7.59
BP878930140,7.59
BP878930195,7.59
BP878930900,7.59
BP878940CHBRZ,12.59
BP878940HBRZ,12.59
BP878940140,12.59
BP878940195,12.59
BP878940900,12.59
BP8818160195,19.49
BP8818128CHBRZ,9.49
BP8818128HBRZ,9.49
BP8818128140,9.49
BP8818128195,9.49
BP8818192CHBRZ,17.39
BP8818192HBRZ,17.39
BP8818192140,17.39
BP8818192195,17.39
BP88183CHBRZ,6.29
BP88183HBRZ,6.29
BP88183140,6.29
BP88183195,6.29
BP8818320CHBRZ,42.49
BP8818320HBRZ,42.49
BP8818320140,42.49
BP8818320195,42.49
BP881833CHBRZ,4.69
BP881833HBRZ,4.69
BP881833140,4.69
BP881833195,4.69
BP881896CHBRZ,7.59
BP881896HBRZ,7.59
BP881896140,7.59
BP881896195,7.59
BP8855480HBRZ,47.29
BP8855480140,47.29
BP8855480160,47.29
BP8855480195,47.29
BP8855320HBRZ,24.29
BP8855320140,24.29
BP8855320160,24.29
BP8855320195,24.29
BP8855192HBRZ,9.69
BP8855192140,9.69
BP8855192160,9.69
BP8855192195,9.69
BP8855128HBRZ,6.49
BP8855128140,6.49
BP8855128160,6.49
BP8855128195,6.49
BP885535HBRZ,4.19
BP885535140,4.19
BP885535160,4.19
BP885535195,4.19
BP2606320BORB,47.99
BP2606320143,47.99
BP2606320195,47.99
BP2606192BORB,12.19
BP2606192143,12.19
BP2606192195,12.19
BP2606160BORB,8.69
BP2606160143,8.69
BP2606160195,8.69
BP2606128BORB,5.99
BP2606128CBRZ,5.99
BP2606128143,5.99
BP2606128160,5.99
BP2606128195,5.99
BP260676BORB,4.79
BP260676CBRZ,4.79
BP260676143,4.79
BP260676160,4.79
BP260676195,4.79
BP260637BORB,4.19
BP260637CBRZ,4.19
BP260637143,4.19
BP260637160,4.19
BP260637195,4.19
15072064180,19.69
15072128180,30.59
15072273180,123.79
24170047180,14.39
159096140,38.79
159096222,28.79
159096904,38.99
159160140,60.49
159160222,35.79
159160904,58.39
160128140,54.79
160128222,36.79
160128904,50.79
160064140,51.39
160064222,36.79
160064904,45.09
161128140,45.89
161128222,33.69
161128904,49.19
161064140,49.39
161064222,32.19
161064904,42.09
160032140,30.79
160032222,21.59
160032904,29.09
159034140,16.69
159034222,11.49
159034904,14.79
157030140,8.19
157030222,4.29
157030904,5.49
157050140,16.09
157050222,10.19
157050904,13.49
157069140,21.69
157069222,16.59
157069904,22.59
256037140,9.69
256037222,6.19
256037904,6.69
256049140,17.25
256049222,11.39
256049904,17.19
256064140,26.69
256064222,21.39
256064904,24.49
256128140,47.19
256128222,37.89
256128904,50.49
308030140,9.39
308030222,7.29
308030904,7.09
308045140,15.89
308045222,8.79
308045904,11.69
308096140,23.29
308096222,14.79
308096904,19.29
308128140,40.39
308128222,25.59
308128904,33.09
870096140,22.29
870096222,12.99
870096904,17.19
870128140,23.69
870128222,16.09
870128904,23.79
870045140,15.89
870045222,8.69
870045904,11.09
630096140,16.49
630096222,11.09
630096904,13.09
630128140,20.59
630128222,13.59
630128904,17.49
630160140,22.29
630160222,16.19
630160904,23.79
408030140,9.29
408030222,6.39
408030904,10.29
450064140,12.39
450064222,8.89
450064904,9.69
450096140,23.19
450096222,11.59
450096904,14.09
450164140,19.69
450164222,11.69
450164904,12.79
870032140,20.59
870032222,11.59
870032904,14.19
5078320091,75.69
5078320140,75.69
5078320195,75.69
5078320222,75.69
5078320905,75.69
5078128091,33.59
5078128140,33.59
5078128195,33.59
5078128222,33.59
5078128905,33.59
507896091,21.79
507896140,21.79
507896195,21.79
507896222,21.79
507896905,21.79
5078110091,27.79
5078110140,27.79
5078110195,27.79
5078110222,27.79
5078110905,27.79
507838091,14.89
507838140,14.89
507838195,14.89
507838222,14.89
507838905,14.89
507830091,12.59
507830140,12.59
507830195,12.59
507830222,12.59
507830905,12.59
7615320091,74.69
7615320140,74.69
7615320195,74.69
7615320222,74.69
7615320905,74.69
7615128091,37.49
7615128140,37.49
7615128195,37.49
7615128222,37.49
7615128905,37.49
761596091,25.49
761596140,25.49
761596222,25.49
761596905,25.49
761596195,24.79
761558091,12.59
761558140,12.59
761558222,12.59
761558905,12.59
BP525128195,7.89
BP525160195,8.69
BP525192195,9.29
BP525320195,11.99
BP525512195,15.99
BP52596195,7.49
BP232396195,4.09
BP2323128195,4.79
BP2323160195,7.09
BP2323192195,9.69
BP2323320195,17.49
BP8877128195,12.59
BP8877192195,17.39
BP8728128195,9.99
BP8728160195,10.49
BP8728192195,11.39
BP8728256195,12.19
BP8728320195,13.29
BP8728480195,15.69
BP872896195,9.69
BP8727128195,10.49
BP8727160195,11.19
BP8727192195,11.79
BP8727256195,12.59
BP8727320195,13.69
BP8727480195,15.99
BP872796195,10.29
7777160140,19.99
7777320140,37.99
BP6969128140,6.29
BP6969160140,7.59
BP6969192140,10.79
BP6969224140,10.59
BP696996140,5.49
BP8899096140,8.79
BP8899128140,9.19
BP8899160140,11.09
BP8899032140,5.99
BP3636128140,6.49
BP3636160140,9.99
BP3636192140,11.49
BP3636224140,16.19
BP3636256140,17.99
BP8282160HBRZ,13.49
BP8282160140,13.49
BP8282160195,13.49
BP8282320HBRZ,23.09
BP8282320140,23.09
BP8282320195,23.09
BP4646128140,6.59
BP4646160140,7.29
BP4646192140,10.19
BP4646224140,14.69
BP5959128140,8.29
BP5959160140,9.99
BP5959192140,11.79
BP6547128140,5.59
BP6547128195,5.59
BP6547192140,9.69
BP6547192195,9.69
BP604128170,10.49
BP604192170,12.09
BP604256170,13.69
BP604480170,18.89
BP60496170,9.29
BP1703128140,12.79
BP1703128195,12.79
BP1703192140,18.09
BP1703192195,18.09
BP1703256140,26.29
BP1703256195,26.29
BP321128170,11.29
BP321160170,12.19
BP321192170,13.39
BP321320170,17.89
BP32196170,10.39
BP90540140900,6.59
BP905076195,7.19
BP905076900,7.39
BP905096140900,7.99
BP905096195,7.49
BP905096900,7.79
BP905128140900,9.99
BP905128195,7.99
BP905128900,8.39
BP905160195,9.09
BP905160900,10.29
BP905192140900,11.89
BP905192195,10.49
BP905192900,11.19
BP905256195,12.29
BP905256900,13.29
BP905320140900,20.29
BP905320195,14.19
BP905320900,16.39
BP905480140900,25.79
BP905480195,24.59
BP905480900,26.59
BP905640195,29.69
BP905640900,32.29
BP7544257171,27.29
BP7544526170,35.19
BP7544526171,39.49
7544526170,35.19
BP7544257170,25.39
7544257170,25.39
BP7544160170,21.79
BP7544160171,24.19
BP7544128170,20.49
BP7544128171,22.89
BP754496170,17.89
BP754496171,20.99
754496170,17.89
BP680256195,67.99
7544160170,21.79
BP458192195,17.89
BP458192196,17.89
458192195,17.89
458192196,17.89
BP458160195,16.79
458160195,16.79
BP458128195,13.69
458128195,13.69
BP61641625195,15.79
BP64664195,12.09
BP31925195,8.39
BP8160192BORB,12.59
BP8160192CHBRZ,12.29
BP8160192140,12.29
BP8160192195,12.29
BP8160192900,12.29
BP8160160BORB,10.29
BP8160160CHBRZ,10.29
BP8160160140,10.29
BP8160160195,10.29
BP8160160900,10.29
BP8160128BORB,7.99
BP8160128CHBRZ,7.99
BP8160128140,7.99
BP8160128174,7.69
BP8160128195,7.99
BP8160128900,7.99
BP84150BORB,8.39
BP84150CHBRZ,8.39
BP84150180,8.39
BP84150195,8.39
6132896BORB,5.69
6132896143,5.69
6132896180,5.69
6132896195,5.69
BP816096BORB,5.79
BP816096CHBRZ,5.79
BP816096140,5.79
BP816096195,5.79
BP816096900,5.79
BP31245160CHBRZ,12.59
BP312456160BORB,12.59
BP312456160180,12.59
BP312456160195,12.59
3.12456E+11,12.59
3.12456E+11,12.59
BP816032BORB,3.79
BP816032CHBRZ,3.79
BP816032140,3.79
BP816032195,3.79
BP816032900,3.79
BP31604325BORB,5.29
BP31604325CHBRZ,5.29
BP31604325174,5.29
BP31604325180,5.29
BP31604325195,5.29
BP80338AE,5.79
BP80338BORB,5.79
BP80338CHBRZ,5.79
BP80338143,5.79
BP80338180,5.79
BP80338195,5.79
BP873224BORB,13.69
BP873224143,13.69
BP873224180,13.69
BP873224195,13.69
BP873192BORB,13.19
BP873192CHBRZ,13.19
BP873192143,13.19
BP873192180,13.19
BP873192195,13.19
BP86072128BORB,14.69
BP86072128195,14.69
BP5139632BORB,6.29
BP5139632195,6.29
BP8102116BORB,4.19
BP8102116CHBRZ,4.19
BP8102116143,4.19
BP8102116180,4.19
BP8102116195,4.19
BP10748140,11.39
BP10748195,11.39
BP10748900,10.39
BP10746140,9.29
BP10746195,9.29
BP10746900,8.39
BP1076140,5.49
BP1076195,5.49
BP1076900,5.29
BP10743140,5.29
BP10743195,5.29
BP10743900,4.19
BP873160BORB,9.79
BP873160CHBRZ,9.79
BP873160143,9.79
BP873160180,9.79
BP873160195,9.79
BP873128BORB,8.19
BP873128CHBRZ,8.19
BP873128143,8.19
BP873128180,8.19
BP873128195,8.19
BP87396BORB,6.89
BP87396CHBRZ,6.89
BP87396143,6.89
BP87396180,6.89
BP87396195,6.89
BP7125096BORB,9.19
BP7125096140,9.19
BP7125096195,9.19
BP7125128BORB,10.29
BP7125128140,10.29
BP7125128195,10.29
BP7125192BORB,13.39
BP7125192140,13.39
BP7125192195,13.39
BP7125256BORB,20.29
BP7125256140,20.29
BP7125256195,20.29
BP801128140,5.79
BP801128140900,5.79
BP801128195,5.79
BP801128900,5.79
BP801160140,7.19
BP801160140900,7.19
BP801160195,7.19
BP801160900,7.19
BP801192140,7.79
BP801192140900,7.79
BP801192195,7.79
BP801256140,8.99
BP801256140900,8.99
BP801256195,8.99
BP801320140,10.29
BP801320195,10.29
746224140,11.59
746224195,11.59
747192140,8.39
747192195,8.39
54816010,10.49
546160195,12.09
3151128195,5.79
64664140,5.99
64664174,5.99
6466430,5.99
646160140,12.09
646160174,12.09
64616030,12.09
64616140,3.79
6461630,3.79
BP56325128BORB,5.59
BP56325128140,4.09
BP56325128174,4.09
BP56325128195,4.09
BP56325160BORB,7.39
BP56325160140,4.89
BP56325160174,4.89
BP56325160195,4.89
BP56325192BORB,8.19
BP56325192140,5.59
BP56325192174,5.59
BP56325192195,5.59
BP5632596BORB,4.59
BP5632596140,3.59
BP5632596174,3.59
BP5632596195,3.59
BP5213696BORB,4.09
BP5213696140,3.99
BP5213696174,3.99
BP5213696195,3.99
BP56206128BORB,4.59
BP56206128140,3.59
BP56206128174,3.59
BP56206128195,3.59
BP52131128BORB,5.19
BP52131128140,3.79
BP52131128174,3.79
BP52131128195,3.79
BP5625696BORB,4.09
BP5625696140,3.59
BP5625696174,3.59
BP5625696195,3.59
BP6231996BORB,3.89
BP6231996140,3.89
BP6231996174,3.89
BP6231996195,3.89
BP7231996BORB,3.59
BP7231996140,3.59
BP7231996174,3.59
BP7231996195,3.59
BP6231396BORB,3.59
BP6231396140,3.59
BP6231396174,3.59
BP6231396195,3.59
BP5213396BORB,3.59
BP5213396140,3.59
BP5213396174,3.59
BP5213396195,3.59
BP5235796BORB,3.69
BP5235796140,3.69
BP5235796174,3.69
BP5235796195,3.69
BP5232896BORB,3.69
BP5232896140,3.69
BP5232896174,3.69
BP5232896195,3.69
BP5254096BORB,6.29
BP5254096195,6.29
BP525429BORB,4.39
BP525429195,4.39
BP3753096BORB,6.89
BP3753096195,6.89
BP5623030195,6.19
BP5623030900,4.59
BP3345096195,8.39
BP757BORB,3.79
BP757195,3.79
BP9878076BORB,3.49
BP9878076195,3.49
BP5464076195,6.09
BP5464128195,7.59
BP2154096195,7.19
BP4184032195,5.29
BP1741076BORB,4.99
BP1741076195,4.99
BP2431034195,4.19
BP3223076195,5.29
BP3561034BORB,3.59
BP3561034195,3.59
BP1894027BORB,6.49
BP1894027195,6.49
BP7226128HBRZ,9.99
BP7226128140,9.99
BP7226128195,9.99
BP7226128900,9.99
BP7226160HBRZ,11.59
BP7226160140,11.59
BP7226160195,11.59
BP7226160900,11.59
BP7226192HBRZ,17.89
BP7226192140,17.89
BP7226192195,17.89
BP7226192900,17.89
BP7226256HBRZ,24.19
BP7226256140,24.19
BP7226256195,24.19
BP7226256900,24.19
BP7227128HBRZ,11.79
BP7227128140,11.79
BP7227128195,11.79
BP7227128900,11.79
BP7227160HBRZ,13.19
BP7227160140,13.19
BP7227160195,13.19
BP7227160900,13.19
BP7227256HBRZ,24.19
BP7227256140,24.19
BP7227256195,24.19
BP7227256900,24.19
BP722796HBRZ,10.49
BP722796140,10.49
BP722796195,10.49
BP722796900,10.49
BP722740HBRZ,5.99
BP722740140,5.99
BP722740195,5.99
BP722740900,5.99
BP8252128BORB,7.49
BP8252128140,7.49
BP8252128143,7.49
BP8252128195,7.49
BP8252160140,9.09
BP8252160195,9.09
BP8252192140,10.49
BP8252192195,10.49
BP8252320140,13.69
BP8252320195,13.69
BP825276BORB,5.79
BP825276140,5.79
BP825276143,5.79
BP825276180,5.79
BP825276195,5.79
BP825296BORB,6.69
BP825296140,6.69
BP825296143,6.69
BP825296180,6.69
BP825296195,6.69
BP81045AE,7.99
BP81045BORB,7.99
BP81045143,7.99
BP81045195,7.99
BP81091AE,4.39
BP81091BORB,4.39
BP81091142,4.39
BP81091143,4.39
BP81091180,4.39
BP81091195,4.39
BP810128AE,6.89
BP810128BORB,6.89
BP810128143,6.89
BP810128180,6.89
BP810128195,6.89
BP810160AE,10.29
BP810160BORB,10.29
BP810160143,10.29
BP810160180,10.29
BP810160195,10.29
BP810192AE,12.69
BP810192BORB,12.69
BP810192143,12.69
BP810192180,12.69
BP810192195,12.69
BP81076AE,4.59
BP81076BORB,4.59
BP81076143,4.59
BP81076180,4.59
BP81076195,4.59
BP81092AE,4.99
BP81092BORB,4.99
BP81092142,4.99
BP81092143,4.99
BP81092180,4.99
BP81092195,4.99
BP80930AE,2.89
BP80930BORB,2.89
BP80930143,2.89
BP80930180,2.89
BP80930195,2.89
BP863128BORB,7.89
BP863128143,7.89
BP863128180,7.89
BP863128195,7.89
BP863160BORB,10.19
BP863160143,10.19
BP863160180,10.19
BP863160195,10.19
BP863192BORB,11.39
BP863192143,11.39
BP863192180,11.39
BP863192195,11.39
BP86376BORB,5.79
BP86376143,5.79
BP86376180,5.79
BP86376195,5.79
BP86396BORB,5.99
BP86396143,5.99
BP86396180,5.99
BP86396195,5.99
BP80239AE,4.09
BP80239BORB,4.09
BP80239143,4.09
BP80239180,4.09
BP80239195,4.09
BP80239900,4.09
BP14630BORB,15.49
BP14630195,13.69
BP85991288195,35.19
BP85993160195,14.39
85993160195,14.39
BP860957BORB,9.09
BP860957143,9.09
BP860957180,9.09
BP860957195,9.09
BP860957900,9.09
BP860857BORB,9.29
BP860857143,9.29
BP860857180,9.29
BP860857195,9.29
BP860857900,9.29
BP21064BORB,4.69
BP21064180,4.69
BP21064195,4.69
BP80576AE,3.99
BP80576BORB,3.99
BP80576143,3.99
BP80576180,3.99
BP80576195,3.99
BP805128BORB,5.79
BP805128143,5.79
BP805128180,5.79
BP805128195,5.79
BP80596BORB,4.59
BP80596143,4.59
BP80596180,4.59
BP80596195,4.59
BP811128BORB,8.69
BP811128143,8.69
BP811128180,8.69
BP811128195,8.69
BP81176BORB,6.19
BP81176143,6.19
BP81176180,6.19
BP81176195,6.19
BP81196BORB,7.49
BP81196143,7.49
BP81196180,7.49
BP81196195,7.49
BP820128BORB,6.09
BP820128143,6.09
BP820128180,6.09
BP820128195,6.09
BP820160BORB,8.39
BP820160143,8.39
BP820160180,8.39
BP820160195,8.39
BP820192BORB,10.99
BP820192143,10.99
BP820192180,10.99
BP820192195,10.99
BP82076BORB,3.99
BP82076143,3.99
BP82076180,3.99
BP82076195,3.99
BP82096BORB,5.19
BP82096143,5.19
BP82096180,5.19
BP82096195,5.19
BP815128AE,7.99
BP815128BORB,7.99
BP815128143,7.99
BP815128180,7.99
BP815128195,7.99
BP815160AE,13.39
BP815160BORB,13.39
BP815160143,13.39
BP815160180,13.39
BP815160195,13.39
BP815192AE,16.09
BP815192BORB,16.09
BP815192143,16.09
BP815192180,16.09
BP815192195,16.09
BP81576AE,6.39
BP81576BORB,6.39
BP81576143,6.39
BP81576180,6.39
BP81576195,6.39
BP81596AE,6.89
BP81596BORB,6.89
BP81596143,6.89
BP81596180,6.89
BP81596195,6.89
BP821128BORB,5.99
BP821128CHBRZ,5.99
BP821128143,5.99
BP821128180,5.99
BP821128195,5.99
BP821160BORB,9.19
BP821160143,9.19
BP821160180,9.19
BP821160195,9.19
BP821192BORB,9.69
BP821192CHBRZ,9.69
BP821192143,9.69
BP821192180,9.69
BP821192195,9.69
BP82176AE,3.39
BP82176BORB,3.39
BP82176CHBRZ,3.39
BP82176143,3.39
BP82176180,3.39
BP82176195,3.39
BP82196AE,4.59
BP82196BORB,4.59
BP82196CHBRZ,4.59
BP82196143,4.59
BP82196180,4.59
BP82196195,4.59
BP814128BORB,8.69
BP814128140,8.69
BP814128143,8.69
BP814128180,8.69
BP814128195,8.69
BP814160140,10.39
BP814160143,10.39
BP814160180,10.39
BP814160195,10.39
BP814192BORB,13.39
BP814192140,13.39
BP814192143,13.39
BP814192180,13.39
BP814192195,13.39
BP814320140,31.49
BP814320180,31.49
BP814320195,31.49
BP81496140,7.49
BP81496143,7.49
BP81496180,7.49
BP81496195,7.49
BP814332AE,4.59
BP814332BORB,4.59
BP814332143,4.59
BP814332160,4.59
BP814332180,4.59
BP814332195,4.59
BP7438096BORB,4.29
BP7438096195,4.29
7438096BORB,4.29
7438096143,4.29
7438096180,4.29
7438096195,4.29
BP10888128195,10.69
BP2608145,7.69
BP2608195,7.69
BP2602128195,9.89
BP2602195,7.99
BP2602900,7.99
BP6501195,8.79
6501195,8.39
BP6504195,9.89
BP608160195,14.69
BP0525128195,12.79
0525128195,12.79
BP10542128195,10.49
10542128195,10.49
BP312456160174,11.09
833128195,8.89
BP833128195,8.89
BP65000128195,8.39
65000128195,8.39
8661195,8.39
BP240296195,12.59
BP240143195,9.19
BP33038184,10.69
BP33038195,10.69
BP50128140,15.99
BP50128195,15.99
BP39995165,12.09
BP1068520145,11.09
1068520145,11.09
BP2559128195,14.49
BP2559160195,16.69
BP255996195,13.29
2559128195,14.49
2559160195,16.69
255996195,13.29
BP31636132195,26.79
BP31636016195,16.79
BP356392195,18.79
BP1443140,9.49
BP1443175,9.49
BP80845128184,10.99
BP80845128900,10.49
BP80896184,8.19
BP80896195,8.19
BP80896900,8.19
80896195,8.19
80896900,8.19
BP426CHBRZ,5.69
BP426140,5.69
BP426191,5.69
BP426195,5.69
BP426900,5.69
BP42696CHBRZ,5.89
BP42696140,5.89
BP42696191,5.89
BP42696195,5.89
BP42696900,5.89
BP80710160195,10.99
BP80710160900,10.99
80710160174,10.99
80710160195,10.99
80710160900,10.99
BP33848195,10.49
BP0621128195,18.39
BP62196183,12.29
BP62196900,12.29
BP16930195,12.29
BP16930900,8.19
BP459195,11.49
BP459900,11.49
459195,11.49
459900,11.49
322696900,5.79
BP7061195,24.69
BP7061900,15.49
BP88864195,6.29
BP88864900,4.89
BP2586140,6.29
2586140,6.29
BP33103195,6.59
33103195,6.59
BP53082140,4.99
BP53082142,4.99
BP53082174,4.99
BP53082184,4.99
BP53082195,4.99
BP53082900,4.99
53082140,4.99
53082174,4.99
BP356011195,14.29
356011195,14.29
T46702195,6.09
46702195,8.19
BP38197195,5.49
38197195,5.49
BP8045732195,4.39
BP58264138,15.99
BP58264139,18.99
BP58264195,18.49
BP2558160140195,19.49
BP255896140195,15.59
BP2514138140195,8.69
BP251442140195,8.59
BP2561128140195,12.59
BP256196140195,11.49
2.56113E+12,12.59
2.56196E+11,11.49
BP2520128140195,11.49
BP252096140195,9.79
2.52013E+12,11.49
2.52096E+11,9.89
BP2511096130195,10.99
BP2511096140195,10.99
2.51101E+13,12.89
2.51102E+13,14.99
2.5111E+12,11.29
BP259130140,17.39
BP259130195,17.39
BP25914011,15.59
BP2511720140195,6.89
BP2511725140195,7.59
2.51173E+12,7.59
BP252128140195,11.29
BP25296140195,9.19
2.52128E+11,11.29
25296140195,11.29
25232140195,7.49
BP38418140,11.39
BP3687140,8.09
BP842140,6.99
BP842195,7.49
BP1372140,6.89
BP1372195,7.59
BP61636314195,14.49
BP25696130195,13.59
BP25696140195,13.59
BP090940140,7.99
BP090940145,7.99
BP090940195,7.99
BP3902140,4.89
BP2881462680195,5.19
2.88146E+12,5.19
BP3870313030,4.19
BP3870313090,4.19
BP34553185,8.79
BP45996140,9.89
BP45996903,9.89
BP41296BORB,5.39
BP41296130,4.49
BP41296140,5.39
BP41296195,5.39
41296AE,5.09
41296195,5.39
BP15400AE,5.09
BP15400BORB,5.09
BP15400140,5.09
BP15400195,5.09
BP15400900,5.09
15400195,5.09
BP4443BORB,3.69
BP4443130,3.69
BP4443140,3.69
BP4443142,3.69
BP4443160,3.69
BP4443195,3.69
BP4443900,3.69
BP4443908,3.69
BP444391,3.69
BP31632330140,6.29
BP31632330174,6.29
BP31632330195,6.29
31632330140,6.29
31632330195,6.29
BP73116195,4.69
BP73116242,4.69
BP73116900,4.69
73116195,4.69
BP770BORB,4.69
BP770130,4.69
BP770140,4.69
BP9041HBRZ,4.19
BP9041140,2.99
BP9041195,2.99
9041195,2.99
BP7289301195,5.89
BP35097140,5.99
BP35097195,5.99
35097195,5.99
BP30843140,7.39
BP30843195,7.39
BP30843900,7.39
30843195,7.39
BP8632175,6.29
BP8632184,6.29
BP20712195,9.99
BP20712900,9.99
20712195,9.99
BP6192140,5.99
BP00320140,6.19
BP00320174,6.79
BP003015195,12.59
BP003015900,12.59
22616182,8.09
BP491140,10.19
BP491195,10.19
491195,10.19
BP765128AE,11.49
BP765128BORB,11.49
BP765128143,11.49
BP765128180,11.49
BP765128195,11.49
BP765160AE,16.99
BP765160BORB,16.99
BP765160143,16.99
BP765160180,16.99
BP765160195,16.99
BP765192AE,23.99
BP765192BORB,23.99
BP765192143,23.99
BP765192180,23.99
BP765192195,23.99
BP76596AE,7.89
BP76596BORB,7.89
BP76596143,7.89
BP76596180,7.89
BP76596195,7.89
BP76596900,7.89
BP76544AE,8.39
BP76544BORB,8.39
BP76544143,8.39
BP76544180,8.39
BP76544195,8.39
BP76544900,8.39
BP76533AE,6.89
BP76533BORB,6.89
BP76533143,6.89
BP76533180,6.89
BP76533195,6.89
BP76533900,6.89
BP785128AE,14.19
BP785128BORB,14.19
BP785128143,14.19
BP785128180,14.19
BP785128195,14.19
BP785160AE,17.59
BP785160BORB,17.59
BP785160143,17.59
BP785160180,17.59
BP785160195,17.59
BP785192AE,20.99
BP785192BORB,20.99
BP785192143,20.99
BP785192180,20.99
BP785192195,20.99
BP78576AE,6.29
BP78576BORB,6.29
BP78576143,6.29
BP78576180,6.29
BP78576195,6.29
BP78596AE,10.39
BP78596BORB,10.39
BP78596143,10.39
BP78596180,10.39
BP78596195,10.39
BP78532AE,6.79
BP78532BORB,6.79
BP78532143,6.79
BP78532180,6.79
BP78532195,6.79
BP78535AE,7.99
BP78535BORB,7.99
BP78535143,7.99
BP78535180,7.99
BP78535195,7.99
BP770128AE,14.19
BP770128BORB,14.19
BP770128143,14.19
BP770128180,14.19
BP770128195,14.19
BP770160AE,15.79
BP770160BORB,15.79
BP770160143,15.79
BP770160180,15.79
BP770160195,15.79
BP770192AE,18.89
BP770192BORB,18.89
BP770192143,18.89
BP770192180,18.89
BP770192195,18.89
BP77076AE,8.39
BP77076BORB,8.39
BP77076143,8.39
BP77076180,8.39
BP77076195,8.39
BP77096AE,11.29
BP77096BORB,11.29
BP77096143,11.29
BP77096180,11.29
BP77096195,11.29
BP77035AE,7.99
BP77035BORB,7.99
BP77035143,7.99
BP77035180,7.99
BP77035195,7.99
BP77043AE,9.29
BP77043BORB,9.29
BP77043143,9.29
BP77043180,9.29
BP77043195,9.29
BP795128AE,9.29
BP795128BORB,9.29
BP795128143,9.29
BP795128180,9.29
BP795128195,9.29
BP795160AE,10.39
BP795160BORB,10.39
BP795160143,10.39
BP795160180,10.39
BP795160195,10.39
BP795192AE,14.99
BP795192BORB,14.99
BP795192143,14.99
BP795192180,14.99
BP795192195,14.99
BP79596AE,8.99
BP79596BORB,8.99
BP79596143,8.99
BP79596180,8.99
BP79596195,8.99
BP79532AE,5.59
BP79532BORB,5.59
BP79532143,5.59
BP79532180,5.59
BP79532195,5.59
BP79538AE,5.09
BP79538BORB,5.09
BP79538143,5.09
BP79538180,5.09
BP79538195,5.09
BP740128AE,7.19
BP740128BORB,7.19
BP740128143,7.19
BP740128180,7.19
BP740128195,7.19
BP740160AE,9.99
BP740160BORB,9.99
BP740160143,9.99
BP740160180,9.99
BP740160195,9.99
BP740192AE,12.99
BP740192BORB,12.99
BP740192143,12.99
BP740192180,12.99
BP740192195,12.99
BP74076AE,4.49
BP74076BORB,4.49
BP74076143,4.49
BP74076180,4.49
BP74076195,4.49
BP74096AE,6.19
BP74096BORB,6.19
BP74096143,6.19
BP74096180,6.19
BP74096195,6.19
BP74032AE,4.89
BP74032BORB,4.89
BP74032143,4.89
BP74032180,4.89
BP74032195,4.89
BP74043AE,5.49
BP74043BORB,5.49
BP74043143,5.49
BP74043180,5.49
BP74043195,5.49
BP775128AE,17.89
BP775128BORB,17.89
BP775128143,17.89
BP775128180,17.89
BP775128195,17.89
BP775160AE,19.19
BP775160BORB,19.19
BP775160143,19.19
BP775160180,19.19
BP775160195,19.19
BP775192AE,21.19
BP775192BORB,21.19
BP775192143,21.19
BP775192180,21.19
BP775192195,21.19
BP77596AE,13.39
BP77596BORB,13.39
BP77596143,13.39
BP77596180,13.39
BP77596195,13.39
BP77533AE,7.99
BP77533BORB,7.99
BP77533143,7.99
BP77533180,7.99
BP77533195,7.99
BP77535AE,7.69
BP77535BORB,7.69
BP77535143,7.69
BP77535180,7.69
BP77535195,7.69
BP780128AE,15.89
BP780128BORB,15.89
BP780128143,15.89
BP780128180,15.89
BP780128195,15.89
BP780160AE,21.59
BP780160BORB,21.59
BP780160143,21.59
BP780160180,21.59
BP780160195,21.59
BP780192AE,23.09
BP780192BORB,23.09
BP780192143,23.09
BP780192180,23.09
BP780192195,23.09
BP78096AE,13.69
BP78096BORB,13.69
BP78096143,13.69
BP78096180,13.69
BP78096195,13.69
BP78033AE,6.89
BP78033BORB,6.89
BP78033143,6.89
BP78033180,6.89
BP78033195,6.89
BP78035AE,7.49
BP78035BORB,7.49
BP78035143,7.49
BP78035180,7.49
BP78035195,7.49
BP790128AE,8.79
BP790128BORB,8.79
BP790128CHBRZ,8.79
BP790128143,8.79
BP790128180,8.79
BP790128195,8.79
BP790128900,8.79
BP790160AE,10.79
BP790160BORB,10.79
BP790160143,10.79
BP790160180,10.79
BP790160195,10.79
BP790192AE,13.19
BP790192BORB,13.19
BP790192CHBRZ,13.19
BP790192143,13.19
BP790192180,13.19
BP790192195,13.19
BP790192900,13.19
BP79076AE,5.39
BP79076BORB,5.39
BP79076143,5.39
BP79076180,5.39
BP79076195,5.39
BP79096AE,7.09
BP79096BORB,7.09
BP79096CHBRZ,7.09
BP79096143,7.09
BP79096180,7.09
BP79096195,7.09
BP79096900,7.09
BP79032AE,5.59
BP79032BORB,5.59
BP79032CHBRZ,5.59
BP79032143,5.59
BP79032180,5.59
BP79032195,5.59
BP79032900,5.39
BP79040AE,5.39
BP79040BORB,5.39
BP79040143,5.39
BP79040180,5.39
BP79040195,5.39
BP80977AE,6.89
BP80977BORB,6.89
BP80977142,6.89
BP80977195,6.89
BP80976AE,5.99
BP80976BORB,5.99
BP80976142,5.99
BP80976195,5.99
BP82619AE,5.99
BP82619BORB,5.99
BP82619142,5.99
BP82619195,5.99
BP82917AE,2.69
BP82917BORB,2.69
BP82917142,2.69
BP82917195,2.69
BP82465AE,6.19
BP82465BORB,6.19
BP82465142,6.19
BP82465195,6.19
BP82908AE,4.39
BP82908BORB,4.39
BP82908142,4.39
BP82908195,4.39
BP8048130,12.09
BP8048195,15.99
BP86060AE,6.19
BP86060BORB,6.19
BP86060130,6.19
BP86060142,6.19
BP86060195,6.19
BP82261AE,5.19
BP82261BORB,5.19
BP82261142,5.19
BP82261195,5.19
BP80237AE,6.09
BP80237BORB,6.09
BP80237142,6.09
BP80237195,6.09
BP82262195,66.19
BP18439BORB,12.09
BP18439142,12.09
BP18439195,12.09
BP60111BORB,18.39
BP60111142,18.39
BP60111180,18.39
BP60111195,18.39
BP1454BORB,16.29
BP1454142,16.29
BP1454195,16.29
BP1455BORB,16.29
BP1455142,16.29
BP1455195,16.29
BP8632AE,4.59
BP8632BORB,4.49
BP8632142,4.49
BP8632180,4.49
BP8632195,4.49
BP30737AE,4.49
BP30737BORB,4.19
BP30737142,4.19
BP30737180,4.19
BP30737195,4.19
BP30796AE,6.29
BP30796BORB,6.29
BP30796143,6.29
BP30796195,6.29
BP5120530AE,9.59
BP5120530BORB,9.59
BP5120530142,9.59
BP5120530195,9.59
BP20304AE,6.69
BP20304BORB,6.69
BP20304142,6.69
BP20304195,6.69
BP40302AE,8.29
BP40302BORB,8.29
BP40302142,8.29
BP40302195,8.29
BP209AE,4.99
BP209BORB,4.99
BP209142,4.99
BP209195,4.99
BP802128AE,7.39
BP802128BORB,7.39
BP802128195,7.39
BP80290AE,4.09
BP80290BORB,4.09
BP80290142,4.09
BP80290180,4.09
BP80290195,4.09
BP80296AE,6.09
BP80296BORB,6.09
BP80296195,6.09
BP1450AE,9.19
BP1450BORB,9.19
BP1450142,9.19
BP1450195,9.19
BP1451AE,10.39
BP1451BORB,10.39
BP1451142,10.39
BP1451195,10.39
BP1452AAE,10.99
BP1452ABORB,10.99
BP1452A142,10.99
BP1452A195,10.99
1452A195,10.99
BP4923AE,5.19
BP4923BB,5.19
BP4923BORB,5.19
BP4923ORB,5.19
BP4923130,5.19
BP4923137,5.19
BP4923140,5.19
BP4923142,5.19
BP4923160,5.19
BP4923174,5.19
BP4923175,5.19
BP4923184,5.19
BP4923193,5.19
BP492390,5.19
BP4923900,5.19
BP4923191,5.29
BP492391,5.19
BP492330,5.19
4923130,5.19
4923140,5.19
4923142,5.19
4923175,5.19
BP1430AE,9.69
BP1430BORB,12.29
BP1430140,10.39
BP1430142,9.69
BP1430195,10.99
BP39313AE,14.69
BP39313BORB,18.89
BP39313140,14.69
BP39313142,14.69
BP39313180,14.69
BP39313195,14.69
BP30388AE,18.39
BP30388BB,18.39
BP30388BORB,18.39
BP30388ORB,18.39
BP30388140,18.39
BP30388142,18.39
BP30388195,18.39
BP3038891,18.39
BP50388BORB,6.29
BP50388140,6.29
BP50388184,6.29
BP50388191,6.29
BP50388195,6.29
BP9161196AE,4.99
BP9161196BORB,4.99
BP9161196142,4.99
BP9161196180,4.99
BP9161196195,4.99
BP81224AE,7.59
BP81224BORB,7.59
BP81224142,7.59
BP81224180,7.59
BP81224195,7.59
BP80980AE,3.79
BP80980BORB,3.79
BP80980142,3.79
BP80980180,3.79
BP80980195,3.79
BP26987BORB,12.59
BP26987195,12.59
BP46702BORB,8.19
BP46702195,8.19
BP444350AE,11.59
BP444350BORB,11.59
BP444350143,11.59
BP444350180,11.59
BP444350195,11.59
BP444340AE,4.49
BP444340BORB,4.49
BP444340142,4.49
BP444340195,4.49
51278128BORB,6.99
51278128143,6.99
51278128180,6.99
51278128195,6.99
51278192BORB,10.99
51278192143,10.99
51278192180,10.99
51278192195,10.99
5127896AE,6.29
5127896BORB,6.29
5127896143,6.29
5127896180,6.29
5127896195,6.29
BP3923AE,7.99
BP3923BORB,7.99
BP3923140,7.99
BP3923175,7.99
BP3923900,7.99
3923175,7.99
BP492338AE,7.59
BP492338BORB,7.59
BP492338142,7.79
BP492338195,7.59
BP7814AE,4.79
BP7814BORB,4.79
BP7814140,4.79
BP7814142,4.79
BP7814193,4.79
BP7814195,4.79
BP781491,4.79
BP7814900,4.79
7814AE,4.79
7814140,4.79
7814142,4.79
7814195,4.79
BP7815AE,5.79
BP7815BORB,5.79
BP7815140,5.79
BP7815142,5.79
BP7815195,5.79
BP781591,5.79
7815BORB,5.79
7815195,5.79
BP85820128140,6.79
BP85820128195,6.79
BP85820128900,6.79
BP85820160140,7.39
BP85820160195,7.39
BP85820160900,7.39
BP85820192140,8.99
BP85820192195,8.99
BP85820192900,8.99
BP85820304140,19.89
BP85820304195,19.89
BP85820304900,19.89
85820160140,7.39
85820160195,7.39
BP3511BORB,3.99
BP3511128195,5.89
BP3511130,3.99
BP3511140,3.99
BP3511142,3.99
BP3511195,3.99
BP3511900,3.99
3511140,3.99
3511142,3.99
3511195,3.99
3511900,3.99
BP82905128BB,4.89
BP82905128140,4.89
BP82905128174,4.89
BP82905128193,4.89
BP82905128195,4.89
BP82905128903,4.89
BP8290596140,3.79
BP8290596195,3.79
BP26202128140,7.09
BP26202128174,7.79
BP26202128195,7.79
26202128195,7.79
BP9041AE,2.99
BP9041BORB,2.99
BP9041CHBRZ,4.19
BP9041ORB,2.99
BP9041130,2.99
BP9041142,2.99
BP9041169,4.19
BP9041175,2.99
BP9041191,2.99
BP9041192,4.19
BP9041193,2.99
BP9041900,2.99
BP904191,2.99
9041130,2.99
904191,2.99
BP23103128195,6.19
BP2310396195,5.19
23103128195,6.19
2310396195,5.19
BP30700130,6.99
BP30700180,6.99
BP496288184,20.79
496288195,20.79
BP496160184,13.69
496160195,13.69
BP272192174,7.39
BP272192900,7.39
272192174,7.39
272192900,7.39
BP3986195,9.19
3986195,9.19
BP272160174,6.89
BP650020128140,7.39
BP650020128195,6.69
BP650020128900,7.99
6.5002E+11,6.69
6.5002E+11,7.99
BP5923AE,3.39
BP5923BB,3.39
BP5923BORB,3.39
BP5923ORB,3.39
BP5923130,3.39
BP5923140,3.39
BP5923142,3.39
BP5923160,3.39
BP5923174,3.39
BP5923175,3.39
BP5923184,3.39
BP5923191,3.39
BP5923193,3.39
BP5923195,3.39
BP592390,3.39
BP5923900,3.39
5923ORB,3.39
5923130,3.39
5923140,3.39
5923175,3.39
5923195,3.39
592330,3.39
592391,3.39
BP65017AE,4.09
BP65017BB,4.09
BP65017BORB,4.09
BP65017130,4.09
BP65017140,4.09
BP65017142,4.09
BP65017160,4.09
BP65017174,4.09
BP65017184,4.09
BP65017191,4.09
BP65017193,4.09
BP65017195,4.09
BP6501730,4.09
BP6501790,4.09
BP65017900,4.09
BP6501791,4.09
65017140,4.09
65017142,4.09
65017174,4.09
65017184,4.09
65017195,4.09
65017900,4.09
BP39965ORB,8.59
BP39965195,8.99
39965195,8.99
BP16338BORB,12.59
BP16338174,12.59
BP16338184,12.59
BP16338195,12.59
BP16338900,12.59
16338174,12.59
16338195,12.59
16338900,12.59
BP16396BORB,11.59
BP16396195,11.59
BP16396900,11.59
BP163160195,13.79
BP163160900,13.79
BP163192195,15.59
BP163192900,15.59
BP30540BORB,3.19
BP30540143,3.19
BP30540195,3.19
BP30540900,3.19
BP30540170,6.99
BP305108195,5.99
BP305128BORB,6.59
BP305128140,6.59
BP305128143,6.59
BP305128160,6.59
BP305128170,10.79
BP305128195,6.59
BP305128900,6.59
BP305192BORB,7.89
BP305192143,7.89
BP305192160,7.89
BP305192170,13.59
BP305192195,7.89
BP305192900,7.89
BP305298195,9.49
BP305333140,10.49
BP305333195,10.49
BP305486195,13.69
BP305562195,14.69
BP305638195,15.79
BP30576BORB,5.49
BP30576143,5.49
BP30576170,8.69
BP30576195,5.49
BP30576900,5.49
BP30596BORB,5.69
BP30596143,5.69
BP30596160,5.69
BP30596170,9.49
BP30596195,5.69
BP30596900,5.69
305108195,5.99
305128140,6.59
305128195,6.59
305192195,7.89
305298195,9.49
305333195,10.49
305486195,13.69
305562195,14.69
305638195,15.79
30576195,5.49
30596195,5.69
BP5016128BORB,10.99
BP5016128CHBRZ,10.99
BP5016128195,10.99
BP5016160BORB,12.49
BP5016160CHBRZ,12.49
BP5016160195,12.49
BP5016192BORB,12.99
BP5016192CHBRZ,12.99
BP5016192195,12.99
BP501696BORB,10.29
BP501696CHBRZ,10.29
BP501696195,10.29
5016128BORB,10.99
5016128195,10.99
5016192BORB,12.99
5016192195,12.99
BP205108BORB,5.39
BP205108140,5.39
BP205108174,5.39
BP205108195,5.39
BP205128BORB,5.99
BP205128140,5.99
BP205128174,5.99
BP205128191,5.99
BP205128195,5.99
BP205128900,5.99
BP205160BORB,6.49
BP205160140,6.49
BP205160174,6.49
BP205160191,6.49
BP205160195,7.49
BP205192BORB,7.19
BP205192140,7.19
BP205192174,7.19
BP205192191,7.19
BP205192195,7.19
BP205562BORB,13.29
BP205562140,13.29
BP205562174,13.29
BP205562195,13.29
BP20576BORB,4.79
BP20576140,4.79
BP20576174,4.79
BP20576191,4.79
BP20576195,4.79
BP20576900,4.79
BP20596BORB,5.19
BP20596140,5.19
BP20596174,5.19
BP20596191,5.19
BP20596900,5.19
BP20596195,5.19
205128195,5.19
20596195,5.19
BP6211288184,11.19
BP6211288900,11.19
BP271195,11.19
0141128170,23.69
BP33285195,5.79
BP33285900,6.49
33285195,5.79
BP2213175,2.99
BP22135175,3.09
BP2214175,3.29
22135175,3.09
2214175,3.29
BP515160,4.59
BP515195,4.59
BP505195,4.49
BP221170,8.99
BP6211128195,5.59
BP6211192195,6.89
BP621196195,4.99
BP280195,16.29
BP260195,11.99
BP240195,9.99
BP255175,9.39
255175,9.39
BP33205ORB,3.19
BP33205140,3.19
BP33205174,3.19
BP33205195,3.19
33205ORB,3.19
33205140,3.19
33205174,3.19
33205195,3.19
BP33204140,3.09
BP33204195,3.09
33204130,3.09
33204140,3.09
33204195,3.09
BP33206BORB,3.29
BP33206140,3.29
BP33206195,3.29
33206195,3.29
BP263174,2.99
BP2635174,3.09
BP264174,3.29
BP266174,4.59
BP296174,3.19
BP33203140,2.99
BP33203195,2.99
33203140,2.99
33203174,2.99
33203195,2.99
BP425145,4.69
425145,4.69
BP228803140,1.89
BP228803195,1.89
BP228804140,2.29
BP228804195,2.29
BP228805140,2.59
BP228805195,2.59
BP228806140,3.39
BP228806195,3.39
BP228808140,4.19
BP228808195,4.19
BP228812140,5.69
BP228812195,5.69
BP228835140,2.09
BP228835195,2.09
BP2288128140,2.59
BP2288128195,2.59
BP2288160140,2.99
BP2288160195,2.99
BP2288192140,3.89
BP2288192195,3.89
BP2288256140,5.19
BP2288256195,5.19
BP2288320140,6.19
BP2288320195,6.19
BP228896140,2.19
BP228896195,2.19
BP82333BB,7.49
BP82333BORB,7.49
BP82333CHBRZ,7.49
BP82333ORB,7.49
BP82333185,7.49
BP82333191,7.49
BP82333193,7.49
BP82333195,7.49
BP82333900,7.49
BP82333903,7.49
82333BB,7.49
82333ORB,7.49
82333195,7.49
82333903,7.49
BP30342BB,6.89
BP30342BORB,6.89
BP30342ORB,6.89
BP30342142,6.89
BP30342193,6.89
BP30342195,6.89
BP30342900,6.89
BP30342908,6.89
BP410128BB,12.29
BP410128142,12.29
BP410128908,12.29
BP2920BB,4.39
BP2920BORB,4.39
BP2920ORB,4.39
BP2920142,4.39
BP2920193,4.39
BP2920903,4.39
2920BB,4.39
2920142,4.39
2920903,4.39
82905128195,4.89
BP770175,4.59
BP770907,4.59
BP288996BB,8.39
BP288996BORB,8.39
BP288996ORB,8.39
BP288996142,8.39
BP288996193,8.39
BP288996195,8.39
BP288996903,8.39
288996BB,8.39
288996ORB,8.39
288996142,8.39
288996195,8.39
BP10734BB,5.19
BP10734BORB,5.19
BP10734ORB,5.19
BP10734142,5.19
BP10734193,5.19
BP10734195,5.19
BP10734900,5.19
BP10734908,5.19
10734BB,5.19
10734ORB,5.19
10734142,5.19
10734193,5.19
10734195,5.19
10734908,5.19
BP5183BB,6.29
BP5183BORB,6.29
BP5183ORB,6.29
BP5183142,6.29
BP5183193,6.29
BP5183195,6.29
BP5183908,6.29
BP5196BORB,7.89
BP5196142,7.89
BP5196195,7.89
5183BB,7.89
BP39770185,8.39
BP39770193,8.39
BP80718128AE,7.99
BP80718128BORB,7.99
BP80718128193,7.99
BP80718128195,7.99
BP80718128900,7.99
BP80718128903,7.99
BP80718128908,7.99
80718128ORB,7.99
80718128903,7.99
BP8061865AE,4.89
BP8061865BORB,4.89
BP8061865ORB,4.89
BP8061865193,4.89
BP8061865195,4.89
BP8061865900,4.89
BP8061865903,4.89
BP8061865908,4.89
8061865ORB,4.89
8061865903,4.89
BP767128R3,12.59
BP767128908,12.59
BP767160R3,14.69
BP767160908,14.69
BP74958R3,9.99
BP74958908,9.99
BP106100900,8.39
BP106100908,8.39
BP10696ORB,7.89
BP10696900,7.89
BP10696908,7.89
BP10555ORB,5.29
BP10555900,5.29
BP10555908,5.29
BP10569900,6.49
BP10569908,6.49
BP10238ORB,6.49
BP10238900,6.49
BP10238908,6.49
BP80710160BB,12.49
BP80710160908,12.49
01505142,17.79
BP7091332BB,6.29
BP7091332142,6.29
BP7091332195,6.29
BP7009128BB,12.59
BP7009128BORB,12.59
BP7009128142,12.59
BP7009128195,12.59
BP7009128903,12.59
BP53082BB,6.09
BP53082BORB,6.09
BP53082193,6.09
BP53082903,6.09
53082195,5.09
BP25142128903,12.29
BP2514296903,11.39
25142128903,12.29
BP2514138903,8.69
BP2525128195,9.39
BP2525128903,9.39
BP252596195,8.99
BP252596903,8.99
2525128195,9.39
252596195,8.89
BP391299BB,10.19
BP391299193,10.19
BP391299195,10.19
BP391299903,10.19
BP391299904,10.19
BP391458BB,12.59
BP391458193,12.59
BP391458195,12.59
BP391458903,12.59
BP391458904,12.59
BP253796195,12.29
BP253796903,12.29
253796195,12.29
BP2537018195,6.69
BP2537018903,6.69
BP2537024195,7.59
BP2537024903,7.59
2537024195,7.59
BP391371BB,6.89
BP391371193,6.89
BP391371195,6.89
BP391371903,6.89
BP391371904,6.89
BP391356BB,4.99
BP391356193,4.99
BP391356195,4.99
BP391356903,4.99
BP391356904,4.99
BP23775128140,10.19
BP23775128195,10.19
BP23775128900,10.19
BP2377512891,10.19
BP23775192140,13.99
BP23775192195,13.99
BP23775192900,13.99
BP2377519291,13.99
BP23775256140,17.39
BP2377525691,17.39
BP2377596AE,9.19
BP2377596BORB,9.19
BP2377596140,9.19
BP2377596142,9.19
BP2377596163,9.19
BP2377596194,9.19
BP2377596195,9.19
BP2377596900,9.19
BP2377596908,9.19
BP237759691,9.19
BP2391230AE,5.99
BP2391230BORB,5.99
BP2391230140,5.99
BP2391230142,5.99
BP2391230163,5.99
BP2391230194,5.99
BP2391230195,5.99
BP2391230900,5.99
BP239123091,5.99
BP198396BORB,8.39
BP198396R3,8.39
BP198396195,8.39
BP198396908,8.39
BP239164AE,6.49
BP239164142,6.49
BP239164163,6.49
BP239164194,6.49
BP23916491,6.49
BP92830BORB,6.49
BP92830R3,6.49
BP92830195,6.49
BP92830908,6.49
BP23738192BB,6.59
BP23738192BORB,6.59
BP23738192195,6.59
BP23738192801,6.59
BP23738192906,6.59
BP23738192907,6.59
BP23738128BB,4.69
BP23738128BORB,4.69
BP23738128195,4.69
BP23738128801,4.69
BP23738128906,4.69
BP23738128907,4.69
BP2373896BB,3.99
BP2373896BORB,3.99
BP2373896195,3.99
BP2373896801,3.99
BP2373896906,3.99
BP2373896907,3.99
BP23737192BB,8.59
BP23737192BORB,8.59
BP23737192195,8.59
BP23737192801,8.59
BP23737192906,8.59
BP23737192907,8.59
BP23737128BB,6.89
BP23737128BORB,6.89
BP23737128195,6.89
BP23737128801,6.89
BP23737128906,6.89
BP23737128907,6.89
BP2373796BB,5.49
BP2373796BORB,5.49
BP2373796195,5.49
BP2373796801,5.49
BP2373796900,5.49
BP2373796906,5.49
BP2373796907,5.49
BP237379691,5.49
BP2391533BB,6.29
BP2391533BORB,6.29
BP2391533195,6.29
BP2391533801,6.29
BP2391533906,6.29
BP2391533907,6.29
BP2391528BB,5.29
BP2391528BORB,5.29
BP2391528195,5.29
BP2391528801,5.29
BP2391528906,5.29
BP2391528907,5.29
BP2391132BB,4.39
BP2391132BORB,4.39
BP2391132195,4.39
BP2391132801,4.39
BP2391132906,4.39
BP2391132907,4.39
BP3801BB250,4.59
BP3801BB251,4.59
3801BB251,4.59
BP412195151,6.29
BP420195151,4.39
BP14230130,2.79
BP600430,2.29
BP601030,2.79
BP338130,2.99
BP338140,2.99
BP861BB,5.19
BP415AE30,5.09
BP338089,3.69
BP284BB,4.19
BP500330,3.79
BP3802BB89,4.59
BP380213030,4.59
BP380214030,4.59
BP380219530,4.59
BP381619530,2.79
BP7624614030,3.19
BP9700BB30,6.79
BP970019530,7.39
BP970080130,7.39
BP970090630,6.79
BP970090730,6.79
BP3367230,2.99
BP3367240,2.99
BP3367241,2.99
BP3367290,2.99
BP33477130304,3.89
BP33477195304,3.89
BP521304,3.59
BP522304,3.29
BP600530,2.29
600530,2.29
132230,4.19
BP7452630,4.39
BP23502230,3.89
BP2315030,5.19
BP4418195304,4.79
BP600630,2.29
BP338530,2.09
BP9796014030,10.29
BP701412814030,12.89
BP60031308,2.49
BP60037308,2.59
BP600658,2.99
BP600661,2.99
BP600662,2.99
BP336121266,4.19
BP33612363,4.19
BP60037325,2.79
BP60037326,2.79
BP60037327,2.79
BP60125370,2.79
BP60125371,2.79
BP60125372,2.79
BP60125373,2.79
BP611030,1.79
BP611090,1.79
611030,1.79
BP313030,1.19
BP313090,1.19
313030,1.19
BP313330,1.19
BP313390,1.19
SP39002,1.49
SP39011,1.49
612030,1.59
612090,1.59
BP314030,1.29
BP314090,1.29
314090,1.29
BP32323185,3.59
BP74496140,1.59
BP74496145,1.59
BP366950900,6.29
BP36673790,6.29
BP62430140,1.39
BP62430145,1.39
BP809096140,1.39
BP809096145,1.39
BP62431140,1.39
BP62431145,1.39
BP935100,5.59
BP934700,5.59
BP934800,5.59
BP934900,5.59
BP935000,5.59
BP935200,5.59
BP1008314011,26.29
10083BORB11,26.29
1008314011,26.29
1008318411,26.29
BP1008214011,26.29
10082BORB11,26.29
1008214011,26.29
1008218411,26.29
10074BORB11,19.99
1007414011,19.99
1007418411,19.99
BP1008519511,5.79
BP1008913011,4.89
BP1008919511,4.89
BP10089195411,4.89
BP10089195750,4.89
BP11067619511,6.09
BP110676195411,6.09
BP110676195750,6.09
BP1008019511,4.99
BP1008111,5.49
BP16063244BB,6.29
BP4035AE11,9.69
BP4035BORB11,9.69
BP403511,9.69
BP403514011,9.69
BP403519511,9.69
BP123409614001,10.49
BP123412814001,12.59
BP123403814001,8.99
BP123403414001,6.99
D010201,14.29
BP50011,10.99
BP50311,16.79
BP50711,11.59
BP80811,5.99
D032015,89.99
83212170,9.39
5.88713E+12,12.29
BP05403150,7.49
BP05411150,7.09
BP05411151,7.34
BP040150,4.99
BP030150,3.89
BP178150,3.09
BP178151,5.29
BP138150,1.99
BP138151,4.69
138150,1.19
BP118150,1.79
BP118151,3.89
118150,0.99
BP02038150,3.39
BP02038250,4.19
BP81820838150,4.49
BP115150,5.29
BP05454250,4.39
BP05454251,4.89
BP7035250,5.09
BP114150,2.89
114150,2.69
BP703085,3.69
BP703585,2.89
BP7035851,4.29
703585,3.99
BP703885,4.39
BP7038851,4.69
K24319015,6.19
K24319025,5.59
K24319603,4.69
K24319615,5.09
K24319625,5.69
BP635737195,8.99
BP637930303490,6.89
BP885445144,7.79
BP885044144,6.79
BP885245144,6.79
BP6626334060,6.79
BP6878333390,4.79
BP63523060PEA,6.29
BP797896140,9.79
BP797996140,9.79
BP661436602,6.29
BP6244333319590,4.79
BP66353534,6.69
BP66573534,6.69
BP63494014030,6.49
BP665836602,6.19
BP634035375,6.19
BP63453690PEA,6.19
BP665333404,6.19
BP6347401404090,6.19
BP872535CHBRZ,6.09
BP872535HBRZ,6.09
BP872535140,6.09
BP872535195,6.09
BP872535900,6.09
BP872034CHBRZ,5.79
BP872034HBRZ,5.79
BP872034140,5.79
BP872034195,5.79
BP872034900,5.79
BP872233CHBRZ,5.79
BP872233HBRZ,5.79
BP872233140,5.79
BP872233195,5.79
BP872233900,5.79
BP872634CHBRZ,5.29
BP872634HBRZ,5.29
BP872634140,5.29
BP872634195,5.29
BP872634900,5.29
BP904125CHBRZ,3.69
BP904125HBRZ,3.69
BP904125140,2.79
BP904125142,2.79
BP904125160,3.69
BP904125169,3.69
BP904125192,3.69
BP904125195,2.79
BP90412530,2.79
BP904125900,2.79
BP904140CHBRZ,8.99
BP904140HBRZ,8.99
BP904140140,8.39
BP904140142,8.39
BP904140160,8.99
BP904140169,8.99
BP904140192,8.99
BP904140195,8.39
BP90414030,8.39
BP904140900,8.39
BP229540CHBRZ,14.69
BP229540HBRZ,14.69
BP229540140,14.69
BP229540195,14.69
BP224543CHBRZ,14.69
BP224543HBRZ,14.69
BP224543140,14.69
BP224543195,14.69
BP226544CHBRZ,8.99
BP226544HBRZ,8.99
BP226544140,8.99
BP226544195,8.99
BP224840CHBRZ,12.59
BP224840HBRZ,12.59
BP224840140,12.59
BP224840195,12.59
BP228640CHBRZ,15.29
BP228640HBRZ,15.29
BP228640140,15.29
BP228640195,15.29
BP3922AE,7.39
BP3922BORB,7.39
BP3922130,7.39
BP392213030,7.39
BP3922140,7.39
BP392214030,7.39
BP3922175,7.39
BP3922195,7.39
BP3922900,7.39
BP460ORB,6.89
BP460130,6.89
BP460140,6.89
BP460193,6.89
BP460195,6.89
BP46091,6.89
BP100903219511,12.09
BP100904519511,15.19
BP100884014011,10.49
BP85864BORB,10.49
BP85864195,10.49
BP85884BORB,11.59
BP85884195,11.59
BP89104BORB,14.89
BP89104195,14.89
BP89106BORB,19.29
BP89106195,19.29
BP89107BORB,20.39
BP89107195,20.39
BP42450BORB,31.49
BP42450180,31.49
BP42450195,31.49
BP35710BORB,5.49
BP35710195,5.49
BP857437195,45.19
BP857398140,49.99
BP858352140,50.39
BP1040AE,4.09
BP1040BORB,4.09
BP1040143,4.09
BP1040180,4.09
BP1040195,4.09
BP1040128AE,7.99
BP1040128BORB,7.99
BP1040128143,7.99
BP1040128180,7.99
BP1040128195,7.99
BP104096AE,6.79
BP104096BORB,6.79
BP104096143,6.79
BP104096180,6.79
BP104096195,6.79
BP1045AE,3.99
BP1045BORB,3.99
BP1045143,3.99
BP1045180,3.99
BP1045195,3.99
BP104596AE,6.69
BP104596BORB,6.69
BP104596143,6.69
BP104596180,6.69
BP104596195,6.69
BP1045128AE,7.89
BP1045128BORB,7.89
BP1045128143,7.89
BP1045128180,7.89
BP1045128195,7.89
BP1038140,4.89
BP464140,3.89
BP464195,3.99
31007564174,6.09
31007596174,8.19
3.10075E+11,9.49
3.10075E+11,10.49
3.10075E+11,11.59
3.10075E+11,12.79
3.10075E+11,13.99
BP72260BORB,19.19
BP72260180,19.19
BP72260195,19.19
BP87076BORB,9.29
BP87076180,7.69
BP87076195,7.99
BP87096BORB,11.79
BP87096180,10.99
BP87096195,10.69
BP897128BORB,12.19
BP897128140,10.19
BP897128195,11.29
BP80996900,6.79
80996900,6.79
BP485175,4.09
485175,4.09
686900,4.89
40250900,5.19
BP310075172195,30.19
BP386216174,6.59
BP386216195,7.39
386216900,5.79
BP39660140,7.39
BP39660184,7.39
BP3966090,7.39
BP39660900,7.39
39660140,7.39
39660900,7.39
31007432195,9.39
745460174,49.19
745460195,49.19
BP46037010,7.49
75508140,37.59
BP2376064175,10.49
BP2376064195,10.49
BP2376032175,7.59
BP2376032195,7.59
690228130,39.99
06320130,37.99
BP69175,11.59
1803130,0.99
1803140,0.99
340235195,27.19
340279195,29.39
BP77370195,10.09
BP77325195,6.49
3110150195,10.29
BP9898128CHBRZ,6.89
BP989812810,6.49
BP9898128166,6.89
BP9898128170,6.89
BP989812830,6.89
BP9898128990,6.89
BP9898192CHBRZ,11.09
BP989819210,9.49
BP9898192166,11.09
BP9898192170,11.09
BP989819230,11.09
BP9898192990,11.09
BP989825CHBRZ,4.19
BP98982510,3.89
BP989825166,4.19
BP989825170,4.19
BP98982530,4.19
BP989825990,4.19
BP989833CHBRZ,4.89
BP98983310,4.59
BP989833166,4.89
BP989833170,4.89
BP98983330,4.89
BP989833990,4.89
BP9898416CHBRZ,29.29
BP989841610,27.99
BP9898416166,29.29
BP9898416170,29.29
BP989841630,29.29
BP9898416990,29.29
BP989850CHBRZ,5.49
BP98985010,5.29
BP989850166,5.49
BP989850170,5.49
BP98985030,5.49
BP989850990,5.49
BP989880CHBRZ,6.49
BP98988010,6.19
BP989880166,6.49
BP989880170,6.49
BP98988030,6.49
BP989880990,6.49
98982510,3.89
989825170,4.19
98985010,5.29
989850170,5.89
BP57606170,7.79
BP57613170,15.59
BP57616170,19.69
BP57619170,24.29
BP57622170,40.69
BP57625170,42.99
BP57628170,46.99
BP57631170,51.69
BP57634170,55.19
BP57680140,9.99
BP576980140,9.29
32011210,121.69
320112170,154.19
32021210,133.79
320212170,169.59
31991210,124.69
319912170,157.59
32001210,117.29
320012170,150.09
41521210,95.79
31491210,78.19
31881210,96.29
318812140,114.49
318812170,118.69
31891210,103.59
318912140,121.89
318912170,125.89
32911210,48.89
329112140,55.89
329112170,75.69
31871210,68.69
318712140,73.29
318712170,85.19
32901210,54.29
329012170,78.19
31811210,126.29
31810810,51.09
DP46LBL,140.99
31791210,134.19
31831210,151.59
318312140,145.79
31830810,66.09
31841210,130.19
31840810,57.99
31861210,89.99
318612170,136.59
31860810,33.29
318608170,38.49
7002680410,69.99
70026804170,65.79
7.00101E+12,92.49
7.00101E+13,87.89
700101310,113.89
7001013170,125.29
700104310,20.09
7001043170,20.09
700104410,20.09
7001044170,20.09
70099510,104.39
700995170,113.19
7.00102E+16,117.99
7.001E+176,110.09
7001015I10,101.29
7001015I170,94.39
7.001E+12,115.29
7.001E+13,108.39
700101410,69.19
7001014170,64.09
700104510,11.79
7001045170,10.09
700104610,11.79
7001046170,10.09
70099610,61.39
700996170,56.59
7.00102E+16,121.99
7.001E+176,114.09
7001016I10,138.99
7001016I170,128.29
7.00102E+12,170.99
7.00102E+13,161.19
7.00102E+12,189.79
7.00102E+13,178.79
135140BB,3.99
135140130,3.99
135140800,3.99
135140900,3.99
135140908,5.99
287BB,3.79
287130,3.79
287800,3.79
287900,3.79
287908,5.79
316130,0.39
135731BB,9.99
135731130,9.99
135731800,3.79
135731900,4.99
135731908,6.79
317BB,3.39
317130,3.39
317900,3.39
2800,8.49
2805,4.99
2883,4.29
2900,8.49
2905,4.29
1482,4.79
975090,55.13
963890,52.29
952590,38.19
973890,51.19
BP022BORB,10.49
BP022195,10.49
6760192174,22.59
6760192176,22.59
6760192231,22.59
6760192232,22.59
676019290,22.59
6760192900,22.59
676019295,22.59
676019296,22.59
